DateTime,currency,event,actual,previous,Close_5min_before,Close_at_release,Close_5min_after,Close_24h_after,Close_48h_after,Actual_Num,Previous_Num,news_change,news_change_Percentage,Currency_Code,Hour,Day,Month,Year,Move_before_release,Move_after_release,Total_10min_Move
2024-01-02 14:45:00,USD,Final Manufacturing PMI,47.9,48.2,141.939,141.947,141.99,143.252,144.581,47.9,48.2,-0.30000000000000426,-0.6224066390041582,1,14,1,1,2024,0.008000000000009777,0.043000000000006366,0.051000000000016144
2024-01-02 15:00:00,USD,Construction Spending m/m,0.4%,1.2%,141.982,141.952,141.958,143.258,144.567,0.4,1.2,-0.7999999999999999,-66.66666666666666,1,15,1,1,2024,-0.030000000000001137,0.006000000000000227,-0.02400000000000091
2024-01-03 15:00:00,USD,ISM Manufacturing PMI,47.4,46.7,143.3,143.258,143.167,144.567,144.668,47.4,46.7,0.6999999999999957,1.4989293361884277,1,15,2,1,2024,-0.04200000000000159,-0.09100000000000819,-0.13300000000000978
2024-01-04 00:30:00,JPY,Final Manufacturing PMI,47.9,47.7,143.617,143.64,143.824,144.674,144.424,47.9,47.7,0.19999999999999574,0.4192872117400329,0,0,3,1,2024,0.022999999999996135,0.18400000000002592,0.20700000000002206
2024-01-04 12:30:00,USD,Challenger Job Cuts y/y,-20.2%,-40.8%,144.563,144.615,144.647,144.77,143.921,-20.2,-40.8,20.599999999999998,50.49019607843137,1,12,3,1,2024,0.05200000000002092,0.031999999999982265,0.08400000000000318
2024-01-04 13:15:00,USD,ADP Non-Farm Employment Change,164K,101K,144.598,144.642,144.69,144.817,144.065,164000.0,101000.0,63000.0,62.37623762376238,1,13,3,1,2024,0.04399999999998272,0.04800000000000182,0.09199999999998454
2024-01-04 13:30:00,USD,Unemployment Claims,202K,220K,144.628,144.618,144.579,144.808,144.105,202000.0,220000.0,-18000.0,-8.181818181818182,1,13,3,1,2024,-0.009999999999990905,-0.03899999999998727,-0.04899999999997817
2024-01-04 14:45:00,USD,Final Services PMI,51.4,51.3,144.598,144.581,144.515,144.636,144.126,51.4,51.3,0.10000000000000142,0.1949317738791451,1,14,3,1,2024,-0.01700000000002433,-0.0660000000000025,-0.08300000000002683
2024-01-04 15:30:00,USD,Natural Gas Storage,-14B,-87B,144.566,144.578,144.566,144.673,144.206,-14000000000.0,-87000000000.0,73000000000.0,83.9080459770115,1,15,3,1,2024,0.012000000000000455,-0.012000000000000455,0.0
2024-01-04 16:00:00,USD,Crude Oil Inventories,-5.5M,-7.1M,144.585,144.609,144.593,144.763,144.135,-5500000.0,-7100000.0,1600000.0,22.535211267605636,1,16,3,1,2024,0.02400000000000091,-0.016000000000019554,0.007999999999981355
2024-01-04 23:50:00,JPY,Monetary Base y/y,7.8%,8.9%,144.841,144.858,144.832,144.832,144.431,7.8,8.9,-1.1000000000000005,-12.359550561797757,0,23,3,1,2024,0.016999999999995907,-0.02600000000001046,-0.009000000000014552
2024-01-05 05:00:00,JPY,Consumer Confidence,37.2,36.1,145.155,145.198,145.254,145.254,144.228,37.2,36.1,1.1000000000000014,3.047091412742386,0,5,4,1,2024,0.043000000000006366,0.055999999999983174,0.09899999999998954
2024-01-08 20:00:00,USD,Consumer Credit m/m,23.8B,5.8B,143.865,143.924,143.832,144.545,145.462,23800000000.0,5800000000.0,18000000000.0,310.3448275862069,1,20,0,1,2024,0.0589999999999975,-0.09200000000001296,-0.03300000000001546
2024-01-08 23:30:00,JPY,Tokyo Core CPI y/y,2.1%,2.3%,143.605,143.634,143.664,144.809,145.362,2.1,2.3,-0.19999999999999973,-8.695652173913032,0,23,0,1,2024,0.028999999999996362,0.030000000000001137,0.0589999999999975
2024-01-09 11:00:00,USD,NFIB Small Business Index,91.9,90.6,144.288,144.331,144.349,145.563,145.945,91.9,90.6,1.3000000000000114,1.4348785871964806,1,11,1,1,2024,0.042999999999977945,0.018000000000000682,0.06099999999997863
2024-01-09 15:02:00,USD,RCM/TIPP Economic Optimism,44.7,40.0,144.554,144.435,144.418,145.655,145.517,44.7,40.0,4.700000000000003,11.750000000000007,1,15,1,1,2024,-0.11899999999999977,-0.016999999999995907,-0.13599999999999568
2024-01-09 23:30:00,JPY,Average Cash Earnings y/y,0.2%,1.5%,144.84,144.809,144.828,145.362,145.032,0.2,1.5,-1.3,-86.66666666666667,0,23,1,1,2024,-0.03100000000000591,0.019000000000005457,-0.012000000000000455
2024-01-10 03:35:00,JPY,10-y Bond Auction,0.60|2.9,0.70|2.8,144.906,144.954,144.958,145.402,144.979,,,,,0,3,2,1,2024,0.04800000000000182,0.003999999999990678,0.0519999999999925
2024-01-10 15:00:00,USD,Final Wholesale Inventories m/m,-0.2%,-0.2%,145.649,145.678,145.653,145.49,144.862,-0.2,-0.2,0.0,0.0,1,15,2,1,2024,0.028999999999996362,-0.025000000000005684,0.003999999999990678
2024-01-10 15:30:00,USD,Crude Oil Inventories,1.3M,-5.5M,145.744,145.729,145.696,145.447,144.887,1300000.0,-5500000.0,6800000.0,123.63636363636363,1,15,2,1,2024,-0.014999999999986358,-0.03300000000001546,-0.04800000000000182
2024-01-10 18:01:00,USD,10-y Bond Auction,4.02|2.6,4.30|2.5,145.64,145.668,145.619,145.316,144.961,,,,,1,18,2,1,2024,0.02800000000002001,-0.049000000000006594,-0.020999999999986585
2024-01-11 05:00:00,JPY,Leading Indicators,107.7%,108.9%,145.511,145.541,145.566,145.116,145.696,107.7,108.9,-1.2000000000000028,-1.10192837465565,0,5,3,1,2024,0.030000000000001137,0.025000000000005684,0.05500000000000682
2024-01-11 13:30:00,USD,Core CPI m/m,0.3%,0.3%,145.929,145.973,145.987,144.911,145.794,0.3,0.3,0.0,0.0,1,13,3,1,2024,0.04400000000001114,0.013999999999981583,0.057999999999992724
2024-01-11 15:30:00,USD,Natural Gas Storage,-140B,-14B,145.458,145.447,145.452,144.887,145.795,-140000000000.0,-14000000000.0,-126000000000.0,-900.0,1,15,3,1,2024,-0.01099999999999568,0.0049999999999954525,-0.006000000000000227
2024-01-11 18:01:00,USD,30-y Bond Auction,4.23|2.4,4.34|2.4,145.329,145.316,145.234,145.234,144.961,,,,,1,18,3,1,2024,-0.01300000000000523,-0.08199999999999363,-0.09499999999999886
2024-01-11 19:00:00,USD,Federal Budget Balance,-129.4B,-314.0B,145.04,145.112,145.154,145.154,145.144,-129400000000.0,-314000000000.0,184600000000.0,58.78980891719745,1,19,3,1,2024,0.07200000000000273,0.04200000000000159,0.11400000000000432
2024-01-11 23:50:00,JPY,Bank Lending y/y,3.1%,2.8%,145.032,144.999,144.979,144.979,145.149,3.1,2.8,0.30000000000000027,10.714285714285724,0,23,3,1,2024,-0.03300000000001546,-0.01999999999998181,-0.05299999999999727
2024-01-12 03:35:00,JPY,30-y Bond Auction,1.63|3.0,1.62|2.6,144.975,144.979,145.062,145.062,145.429,,,,,0,3,4,1,2024,0.004000000000019099,0.08299999999999841,0.08700000000001751
2024-01-12 05:00:00,JPY,Economy Watchers Sentiment,50.7,49.5,145.104,145.116,145.103,145.103,145.696,50.7,49.5,1.2000000000000028,2.42424242424243,0,5,4,1,2024,0.012000000000000455,-0.01300000000000523,-0.0010000000000047748
2024-01-12 13:30:00,USD,Core PPI m/m,0.0%,0.0%,144.917,144.911,144.933,144.933,145.794,0.0,0.0,0.0,,1,13,4,1,2024,-0.006000000000000227,0.02199999999999136,0.015999999999991132
2024-01-14 23:50:00,JPY,M2 Money Stock y/y,2.3%,2.3%,145.142,145.149,145.16,146.097,147.319,2.3,2.3,0.0,0.0,0,23,6,1,2024,0.007000000000005002,0.01099999999999568,0.018000000000000682
2024-01-15 05:59:00,JPY,Prelim Machine Tool Orders y/y,-9.9%,-13.6%,145.688,145.672,145.629,146.66,147.753,-9.9,-13.6,3.6999999999999993,27.205882352941174,0,5,0,1,2024,-0.015999999999991132,-0.043000000000006366,-0.0589999999999975
2024-01-15 23:50:00,JPY,PPI y/y,0.0%,0.3%,146.175,146.097,146.12,147.319,147.93,0.0,0.3,-0.3,-100.0,0,23,0,1,2024,-0.07800000000000296,0.022999999999996135,-0.05500000000000682
2024-01-17 14:15:00,USD,Industrial Production m/m,0.1%,0.0%,148.276,148.301,148.295,148.159,148.182,0.1,0.0,0.1,,1,14,2,1,2024,0.024999999999977263,-0.006000000000000227,0.018999999999977035
2024-01-17 15:00:00,USD,Business Inventories m/m,-0.1%,-0.1%,148.253,148.27,148.269,148.226,148.185,-0.1,-0.1,0.0,0.0,1,15,2,1,2024,0.01700000000002433,-0.0010000000000047748,0.016000000000019554
2024-01-17 23:50:00,JPY,Core Machinery Orders m/m,-4.9%,0.7%,147.923,147.93,147.912,148.313,147.852,-4.9,0.7,-5.6000000000000005,-800.0000000000002,0,23,2,1,2024,0.007000000000005002,-0.018000000000000682,-0.01099999999999568
2024-01-18 04:30:00,JPY,Revised Industrial Production m/m,-0.9%,-0.9%,147.81,147.722,147.669,148.072,148.127,-0.9,-0.9,0.0,0.0,0,4,3,1,2024,-0.08799999999999386,-0.05299999999999727,-0.14099999999999113
2024-01-18 13:30:00,USD,Unemployment Claims,187K,203K,148.146,148.111,148.135,148.211,148.139,187000.0,203000.0,-16000.0,-7.8817733990147785,1,13,3,1,2024,-0.03499999999999659,0.02400000000000091,-0.01099999999999568
2024-01-18 16:00:00,USD,Crude Oil Inventories,-2.5M,1.3M,148.205,148.188,148.175,148.14,148.041,-2500000.0,1300000.0,-3800000.0,-292.30769230769226,1,16,3,1,2024,-0.01700000000002433,-0.012999999999976808,-0.030000000000001137
2024-01-18 23:30:00,JPY,National Core CPI y/y,2.3%,2.5%,148.344,148.323,148.308,148.308,147.889,2.3,2.5,-0.20000000000000018,-8.000000000000007,0,23,3,1,2024,-0.020999999999986585,-0.01500000000001478,-0.036000000000001364
2024-01-19 04:30:00,JPY,Tertiary Industry Activity m/m,-0.7%,-0.2%,148.05,148.072,148.123,148.123,148.127,-0.7,-0.2,-0.49999999999999994,-249.99999999999994,0,4,4,1,2024,0.02199999999999136,0.05099999999998772,0.07299999999997908
2024-01-19 15:00:00,USD,Prelim UoM Consumer Sentiment,78.8,69.7,148.158,148.185,148.156,148.156,148.039,78.8,69.7,9.099999999999994,13.055954088952646,1,15,4,1,2024,0.027000000000015234,-0.028999999999996362,-0.001999999999981128
2024-01-19 21:00:00,USD,TIC Long-Term Purchases,126.1B,3.4B,0.0,0.0,0.0,0.0,147.853,126100000000.0,3400000000.0,122700000000.0,3608.8235294117644,1,21,4,1,2024,0.0,0.0,0.0
2024-01-22 15:00:00,USD,CB Leading Index m/m,-0.1%,-0.5%,148.02,148.039,148.089,148.393,147.555,-0.1,-0.5,0.4,80.0,1,15,0,1,2024,0.018999999999977035,0.05000000000001137,0.0689999999999884
2024-01-23 05:00:00,JPY,BOJ Core CPI y/y,2.6%,2.7%,147.672,147.739,147.859,147.546,147.647,2.6,2.7,-0.10000000000000009,-3.703703703703707,0,5,1,1,2024,0.06700000000000728,0.12000000000000455,0.18700000000001182
2024-01-23 14:59:00,USD,Richmond Manufacturing Index,-15,-11,148.375,148.378,148.381,147.562,147.838,-15.0,-11.0,-4.0,-36.36363636363637,1,14,1,1,2024,0.002999999999985903,0.0030000000000143245,0.006000000000000227
2024-01-23 23:50:00,JPY,Trade Balance,-0.41T,-0.35T,147.832,147.857,147.87,147.772,147.765,,,,,0,23,1,1,2024,0.025000000000005684,0.01300000000000523,0.038000000000010914
2024-01-24 00:30:00,JPY,Flash Manufacturing PMI,48.0,47.9,147.951,147.902,147.922,147.739,147.783,48.0,47.9,0.10000000000000142,0.208768267223385,0,0,2,1,2024,-0.049000000000006594,0.020000000000010232,-0.028999999999996362
2024-01-25 13:30:00,USD,Advance GDP q/q,3.3%,4.9%,147.731,147.719,147.744,148.032,147.624,3.3,4.9,-1.6000000000000005,-32.653061224489804,1,13,3,1,2024,-0.012000000000000455,0.025000000000005684,0.01300000000000523
2024-01-25 15:00:00,USD,New Home Sales,664K,615K,147.806,147.827,147.805,148.108,147.546,664000.0,615000.0,49000.0,7.967479674796748,1,15,3,1,2024,0.020999999999986585,-0.02199999999999136,-0.0010000000000047748
2024-01-25 15:30:00,USD,Natural Gas Storage,-326B,-154B,147.783,147.761,147.764,148.057,147.279,-326000000000.0,-154000000000.0,-172000000000.0,-111.68831168831169,1,15,3,1,2024,-0.02199999999999136,0.0030000000000143245,-0.018999999999977035
2024-01-25 23:30:00,JPY,Tokyo Core CPI y/y,1.6%,2.1%,147.706,147.692,147.721,147.721,148.055,1.6,2.1,-0.5,-23.809523809523807,0,23,3,1,2024,-0.013999999999981583,0.028999999999996362,0.01500000000001478
2024-01-26 13:30:00,USD,Core PCE Price Index m/m,0.2%,0.1%,148.003,148.032,148.076,148.076,147.624,0.2,0.1,0.1,100.0,1,13,4,1,2024,0.029000000000024784,0.04399999999998272,0.0730000000000075
2024-01-26 15:00:00,USD,Pending Home Sales m/m,8.3%,-0.3%,148.087,148.108,148.087,148.087,147.546,8.3,-0.3,8.600000000000001,2866.666666666667,1,15,4,1,2024,0.021000000000015007,-0.021000000000015007,0.0
2024-01-29 23:30:00,JPY,Unemployment Rate,2.4%,2.5%,147.35,147.318,147.322,147.667,146.777,2.4,2.5,-0.10000000000000009,-4.0000000000000036,0,23,0,1,2024,-0.031999999999982265,0.003999999999990678,-0.027999999999991587
2024-01-30 14:00:00,USD,S&P/CS Composite-20 HPI y/y,5.4%,4.9%,147.754,147.762,147.742,146.729,146.342,5.4,4.9,0.5,10.20408163265306,1,14,1,1,2024,0.008000000000009777,-0.020000000000010232,-0.012000000000000455
2024-01-30 15:00:00,USD,CB Consumer Confidence,114.8,108.0,147.606,147.602,147.611,146.371,146.275,114.8,108.0,6.799999999999997,6.296296296296294,1,15,1,1,2024,-0.003999999999990678,0.00899999999998613,0.0049999999999954525
2024-01-31 05:00:00,JPY,Consumer Confidence,38.0,37.2,147.695,147.724,147.747,146.843,146.7,38.0,37.2,0.7999999999999972,2.1505376344085945,0,5,2,1,2024,0.028999999999996362,0.023000000000024556,0.05200000000002092
2024-01-31 13:15:00,USD,ADP Non-Farm Employment Change,107K,158K,146.431,146.408,146.419,146.388,148.488,107000.0,158000.0,-51000.0,-32.278481012658226,1,13,2,1,2024,-0.023000000000024556,0.011000000000024102,-0.012000000000000455
2024-01-31 14:45:00,USD,Chicago PMI,46.0,46.9,146.34,146.121,146.172,146.224,148.292,46.0,46.9,-0.8999999999999986,-1.9189765458422146,1,14,2,1,2024,-0.2189999999999941,0.05099999999998772,-0.16800000000000637
2024-01-31 15:30:00,USD,Crude Oil Inventories,1.2M,-9.2M,147.265,147.252,147.429,146.325,148.305,1200000.0,-9200000.0,10400000.0,113.04347826086956,1,15,2,1,2024,-0.012999999999976808,0.1769999999999925,0.1640000000000157
2024-01-31 19:00:00,USD,Federal Funds Rate,5.50%,5.50%,146.91,147.006,147.002,146.457,148.545,5.5,5.5,0.0,0.0,1,19,2,1,2024,0.09600000000000364,-0.003999999999990678,0.09200000000001296
2024-02-01 03:35:00,JPY,10-y Bond Auction,0.74|3.6,0.60|2.9,146.642,146.685,146.65,146.632,148.565,,,,,0,3,3,2,2024,0.043000000000006366,-0.03499999999999659,0.008000000000009777
2024-02-01 13:30:00,USD,Unemployment Claims,224K,215K,146.409,146.476,146.415,148.389,148.555,224000.0,215000.0,9000.0,4.186046511627907,1,13,3,2,2024,0.06700000000000728,-0.06100000000000705,0.006000000000000227
2024-02-01 14:45:00,USD,Final Manufacturing PMI,50.7,50.3,146.244,146.224,146.272,148.292,148.685,50.7,50.3,0.4000000000000057,0.7952286282306277,1,14,3,2,2024,-0.020000000000010232,0.04800000000000182,0.027999999999991587
2024-02-01 15:00:00,USD,ISM Manufacturing PMI,49.1,47.4,146.261,146.275,146.286,148.309,148.705,49.1,47.4,1.7000000000000028,3.586497890295365,1,15,3,2,2024,0.014000000000010004,0.01099999999999568,0.025000000000005684
2024-02-01 15:30:00,USD,Natural Gas Storage,-197B,-326B,146.321,146.325,146.309,148.305,148.717,-197000000000.0,-326000000000.0,129000000000.0,39.57055214723926,1,15,3,2,2024,0.003999999999990678,-0.015999999999991132,-0.012000000000000455
2024-02-01 23:50:00,JPY,Monetary Base y/y,4.8%,7.8%,146.421,146.45,146.438,146.438,148.39,4.8,7.8,-3.0,-38.46153846153847,0,23,3,2,2024,0.028999999999996362,-0.012000000000000455,0.016999999999995907
2024-02-02 13:30:00,USD,Average Hourly Earnings m/m,0.6%,0.4%,148.432,148.389,148.344,148.344,148.555,0.6,0.4,0.19999999999999996,49.999999999999986,1,13,4,2,2024,-0.042999999999977945,-0.045000000000015916,-0.08799999999999386
2024-02-02 15:00:00,USD,Revised UoM Consumer Sentiment,79.0,78.8,148.306,148.309,148.26,148.26,148.705,79.0,78.8,0.20000000000000284,0.2538071065989884,1,15,4,2,2024,0.002999999999985903,-0.049000000000006594,-0.04600000000002069
2024-02-05 14:45:00,USD,Final Services PMI,52.5,52.9,148.634,148.685,148.673,147.977,148.119,52.5,52.9,-0.3999999999999986,-0.7561436672967837,1,14,0,2,2024,0.051000000000016144,-0.012000000000000455,0.03900000000001569
2024-02-05 15:00:00,USD,ISM Services PMI,53.4,50.6,148.696,148.705,148.693,147.941,148.132,53.4,50.6,2.799999999999997,5.533596837944659,1,15,0,2,2024,0.009000000000014552,-0.012000000000000455,-0.002999999999985903
2024-02-05 23:30:00,JPY,Average Cash Earnings y/y,1.0%,0.7%,148.549,148.495,148.483,147.884,148.411,1.0,0.7,0.30000000000000004,42.85714285714287,0,23,0,2,2024,-0.054000000000002046,-0.012000000000000455,-0.0660000000000025
2024-02-06 15:06:00,USD,RCM/TIPP Economic Optimism,44.0,44.7,147.949,147.908,147.873,148.142,149.373,44.0,44.7,-0.7000000000000028,-1.5659955257270757,1,15,1,2,2024,-0.04100000000002524,-0.03499999999999659,-0.07600000000002183
2024-02-07 03:35:00,JPY,30-y Bond Auction,1.79|3.2,1.63|3.0,147.993,148.026,148.03,148.828,149.527,,,,,0,3,2,2,2024,0.03300000000001546,0.003999999999990678,0.03700000000000614
2024-02-07 05:00:00,JPY,Leading Indicators,110.0%,108.1%,147.91,147.926,147.96,148.746,149.44,110.0,108.1,1.9000000000000057,1.7576318223866843,0,5,2,2,2024,0.015999999999991132,0.034000000000020236,0.05000000000001137
2024-02-07 15:30:00,USD,Crude Oil Inventories,5.5M,1.2M,148.143,148.154,148.183,149.332,149.3,5500000.0,1200000.0,4300000.0,358.33333333333337,1,15,2,2,2024,0.01099999999999568,0.028999999999996362,0.03999999999999204
2024-02-07 18:01:00,USD,10-y Bond Auction,4.09|2.6,4.02|2.6,148.054,148.049,148.042,149.279,149.185,,,,,1,18,2,2,2024,-0.0049999999999954525,-0.007000000000005002,-0.012000000000000455
2024-02-07 20:00:00,USD,Consumer Credit m/m,1.6B,23.5B,148.037,148.059,148.059,149.359,149.127,1600000000.0,23500000000.0,-21900000000.0,-93.19148936170212,1,20,2,2,2024,0.02199999999999136,0.0,0.02199999999999136
2024-02-07 23:50:00,JPY,Bank Lending y/y,3.1%,3.0%,148.453,148.44,148.484,149.43,149.228,3.1,3.0,0.10000000000000009,3.333333333333336,0,23,2,2,2024,-0.01300000000000523,0.04400000000001114,0.03100000000000591
2024-02-08 05:00:00,JPY,Economy Watchers Sentiment,50.2,50.7,148.762,148.746,148.774,149.44,149.125,50.2,50.7,-0.5,-0.9861932938856016,0,5,3,2,2024,-0.015999999999991132,0.027999999999991587,0.012000000000000455
2024-02-08 13:30:00,USD,Unemployment Claims,218K,227K,149.268,149.304,149.306,149.335,149.336,218000.0,227000.0,-9000.0,-3.9647577092511015,1,13,3,2,2024,0.036000000000001364,0.0020000000000095497,0.038000000000010914
2024-02-08 15:30:00,USD,Natural Gas Storage,-75B,-197B,149.343,149.332,149.354,149.3,149.337,-75000000000.0,-197000000000.0,122000000000.0,61.92893401015228,1,15,3,2,2024,-0.01099999999999568,0.02200000000001978,0.011000000000024102
2024-02-08 18:01:00,USD,30-y Bond Auction,4.36|2.4,4.23|2.4,149.28,149.279,149.259,149.259,149.185,,,,,1,18,3,2,2024,-0.0010000000000047748,-0.020000000000010232,-0.021000000000015007
2024-02-08 23:50:00,JPY,M2 Money Stock y/y,2.4%,2.3%,149.403,149.43,149.416,149.416,149.228,2.4,2.3,0.10000000000000009,4.347826086956526,0,23,3,2,2024,0.027000000000015234,-0.014000000000010004,0.01300000000000523
2024-02-12 14:45:00,USD,Cleveland Fed Inflation Expectations,3.4%,4.2%,149.358,149.381,149.393,150.824,150.56,3.4,4.2,-0.8000000000000003,-19.04761904761905,1,14,0,2,2024,0.022999999999996135,0.012000000000000455,0.03499999999999659
2024-02-12 19:00:00,USD,Federal Budget Balance,-21.9B,-129.4B,149.403,149.409,149.365,150.699,150.534,-21900000000.0,-129400000000.0,107500000000.0,83.0757341576507,1,19,0,2,2024,0.006000000000000227,-0.04399999999998272,-0.03799999999998249
2024-02-12 23:50:00,JPY,PPI y/y,0.2%,0.2%,149.545,149.556,149.562,150.422,150.152,0.2,0.2,0.0,0.0,0,23,0,2,2024,0.011000000000024102,0.006000000000000227,0.01700000000002433
2024-02-13 05:58:00,JPY,Prelim Machine Tool Orders y/y,-14.1%,-9.6%,149.504,149.523,149.504,150.592,150.037,-14.1,-9.6,-4.5,-46.875,0,5,1,2,2024,0.019000000000005457,-0.019000000000005457,0.0
2024-02-13 11:00:00,USD,NFIB Small Business Index,89.9,91.9,150.565,150.582,150.536,150.612,150.071,89.9,91.9,-2.0,-2.1762785636561475,1,11,1,2,2024,0.016999999999995907,-0.04599999999999227,-0.028999999999996362
2024-02-13 13:30:00,USD,Core CPI m/m,0.4%,0.3%,150.793,150.785,150.79,150.49,149.985,0.4,0.3,0.10000000000000003,33.33333333333335,1,13,1,2,2024,-0.008000000000009777,0.0049999999999954525,-0.0030000000000143245
2024-02-14 15:30:00,USD,Crude Oil Inventories,12.0M,5.5M,150.521,150.523,150.51,149.954,150.259,12000000.0,5500000.0,6500000.0,118.18181818181819,1,15,2,2,2024,0.0020000000000095497,-0.01300000000000523,-0.01099999999999568
2024-02-14 23:50:00,JPY,Prelim GDP Price Index y/y,3.8%,5.3%,150.159,150.152,150.136,150.243,149.992,3.8,5.3,-1.5,-28.30188679245283,0,23,2,2,2024,-0.007000000000005002,-0.015999999999991132,-0.022999999999996135
2024-02-15 04:30:00,JPY,Revised Industrial Production m/m,1.4%,1.8%,150.058,150.053,150.035,150.226,149.919,1.4,1.8,-0.40000000000000013,-22.22222222222223,0,4,3,2,2024,-0.0049999999999954525,-0.018000000000000682,-0.022999999999996135
2024-02-15 14:15:00,USD,Industrial Production m/m,-0.1%,0.0%,149.857,149.923,149.923,150.108,150.147,-0.1,0.0,-0.1,,1,14,3,2,2024,0.0660000000000025,0.0,0.0660000000000025
2024-02-15 15:00:00,USD,Business Inventories m/m,0.4%,-0.1%,149.968,149.95,149.979,150.245,150.143,0.4,-0.1,0.5,500.0,1,15,3,2,2024,-0.018000000000000682,0.029000000000024784,0.011000000000024102
2024-02-15 21:00:00,USD,TIC Long-Term Purchases,160.2B,99.7B,150.061,150.07,150.115,150.115,149.977,160200000000.0,99700000000.0,60500000000.0,60.682046138415245,1,21,3,2,2024,0.00899999999998613,0.045000000000015916,0.054000000000002046
2024-02-16 04:30:00,JPY,Tertiary Industry Activity m/m,0.7%,-1.4%,150.246,150.226,150.23,150.23,149.919,0.7,-1.4,2.0999999999999996,149.99999999999997,0,4,4,2,2024,-0.020000000000010232,0.003999999999990678,-0.016000000000019554
2024-02-16 15:00:00,USD,Prelim UoM Consumer Sentiment,79.6,79.0,150.189,150.245,150.245,150.245,150.143,79.6,79.0,0.5999999999999943,0.7594936708860687,1,15,4,2,2024,0.056000000000011596,0.0,0.056000000000011596
2024-02-18 23:50:00,JPY,Core Machinery Orders m/m,2.7%,-4.9%,149.994,149.992,150.02,150.331,149.977,2.7,-4.9,7.6000000000000005,155.10204081632654,0,23,6,2,2024,-0.0020000000000095497,0.02800000000002001,0.02600000000001046
2024-02-20 15:00:00,USD,CB Leading Index m/m,-0.4%,-0.2%,150.009,150.021,150.054,150.183,150.542,-0.4,-0.2,-0.2,-100.0,1,15,1,2,2024,0.012000000000000455,0.03300000000001546,0.045000000000015916
2024-02-20 23:50:00,JPY,Trade Balance,0.24T,-0.44T,149.994,149.977,149.978,150.284,150.52,,,,,0,23,1,2,2024,-0.016999999999995907,0.0010000000000047748,-0.015999999999991132
2024-02-22 00:30:00,JPY,Flash Manufacturing PMI,47.2,48.0,150.285,150.282,150.282,150.581,150.42,47.2,48.0,-0.7999999999999972,-1.6666666666666607,0,0,3,2,2024,-0.002999999999985903,0.0,-0.002999999999985903
2024-02-22 14:45:00,USD,Flash Manufacturing PMI,51.5,50.7,150.575,150.55,150.552,150.435,150.778,51.5,50.7,0.7999999999999972,1.5779092702169568,1,14,3,2,2024,-0.024999999999977263,0.001999999999981128,-0.022999999999996135
2024-02-22 15:00:00,USD,Existing Home Sales,4.00M,3.88M,150.55,150.542,150.54,150.455,150.748,4000000.0,3880000.0,120000.0,3.0927835051546393,1,15,3,2,2024,-0.008000000000009777,-0.0020000000000095497,-0.010000000000019327
2024-02-22 15:30:00,USD,Natural Gas Storage,-60B,-49B,150.505,150.518,150.564,150.475,150.699,-60000000000.0,-49000000000.0,-11000000000.0,-22.448979591836736,1,15,3,2,2024,0.01300000000000523,0.04599999999999227,0.0589999999999975
2024-02-22 16:00:00,USD,Crude Oil Inventories,3.5M,12.0M,150.508,150.504,150.508,150.497,150.679,3500000.0,12000000.0,-8500000.0,-70.83333333333334,1,16,3,2,2024,-0.004000000000019099,0.004000000000019099,0.0
2024-02-25 23:50:00,JPY,SPPI y/y,2.1%,2.4%,150.514,150.491,150.513,150.462,150.606,2.1,2.4,-0.2999999999999998,-12.499999999999993,0,23,6,2,2024,-0.022999999999996135,0.02199999999999136,-0.0010000000000047748
2024-02-26 15:00:00,USD,New Home Sales,661K,651K,150.752,150.748,150.741,150.53,150.695,661000.0,651000.0,10000.0,1.5360983102918586,1,15,0,2,2024,-0.004000000000019099,-0.0069999999999765805,-0.01099999999999568
2024-02-26 23:30:00,JPY,National Core CPI y/y,2.0%,2.3%,150.433,150.41,150.419,150.572,149.803,2.0,2.3,-0.2999999999999998,-13.04347826086956,0,23,0,2,2024,-0.022999999999996135,0.009000000000014552,-0.013999999999981583
2024-02-27 13:30:00,USD,Durable Goods Orders m/m,-6.1%,-0.3%,150.34,150.363,150.375,150.667,149.913,-6.1,-0.3,-5.8,-1933.3333333333333,1,13,1,2,2024,0.022999999999996135,0.012000000000000455,0.03499999999999659
2024-02-27 14:00:00,USD,S&P/CS Composite-20 HPI y/y,6.1%,5.4%,150.444,150.472,150.501,150.709,149.871,6.1,5.4,0.6999999999999993,12.962962962962948,1,14,1,2,2024,0.02800000000002001,0.028999999999996362,0.05700000000001637
2024-02-27 14:59:00,USD,Richmond Manufacturing Index,-5,-15,150.539,150.53,150.518,150.695,149.966,-5.0,-15.0,10.0,66.66666666666666,1,14,1,2,2024,-0.00899999999998613,-0.012000000000000455,-0.020999999999986585
2024-02-27 15:00:00,USD,CB Consumer Confidence,106.7,110.9,150.527,150.53,150.512,150.695,149.925,106.7,110.9,-4.200000000000003,-3.7871956717763777,1,15,1,2,2024,0.0030000000000143245,-0.018000000000000682,-0.014999999999986358
2024-02-28 23:50:00,JPY,Prelim Industrial Production m/m,-7.5%,1.4%,149.855,149.823,149.836,150.359,150.204,-7.5,1.4,-8.9,-635.7142857142858,0,23,2,2,2024,-0.031999999999982265,0.01300000000000523,-0.018999999999977035
2024-02-29 05:00:00,JPY,Housing Starts y/y,-7.5%,-4.0%,149.768,149.797,149.832,150.637,150.26,-7.5,-4.0,-3.5,-87.5,0,5,3,2,2024,0.028999999999996362,0.03499999999999659,0.06399999999999295
2024-02-29 05:02:00,JPY,BOJ Core CPI y/y,2.6%,2.6%,149.715,149.824,149.851,150.591,150.268,2.6,2.6,0.0,0.0,0,5,3,2,2024,0.10900000000000887,0.026999999999986812,0.13599999999999568
2024-02-29 14:45:00,USD,Chicago PMI,44.0,46.0,149.916,149.97,149.968,150.111,150.519,44.0,46.0,-2.0,-4.3478260869565215,1,14,3,2,2024,0.054000000000002046,-0.0020000000000095497,0.0519999999999925
2024-02-29 15:00:00,USD,Pending Home Sales m/m,-4.9%,5.7%,149.976,149.925,149.931,150.123,150.555,-4.9,5.7,-10.600000000000001,-185.96491228070178,1,15,3,2,2024,-0.05099999999998772,0.006000000000000227,-0.044999999999987494
2024-02-29 15:30:00,USD,Natural Gas Storage,-96B,-60B,149.933,149.945,149.945,150.122,150.516,-96000000000.0,-60000000000.0,-36000000000.0,-60.0,1,15,3,2,2024,0.012000000000000455,0.0,0.012000000000000455
2024-02-29 23:30:00,JPY,Unemployment Rate,2.4%,2.4%,150.372,150.386,150.387,150.387,150.152,2.4,2.4,0.0,0.0,0,23,3,2,2024,0.013999999999981583,0.0010000000000047748,0.014999999999986358
2024-03-01 00:30:00,JPY,Final Manufacturing PMI,47.2,47.2,150.432,150.465,150.463,150.463,150.255,47.2,47.2,0.0,0.0,0,0,4,3,2024,0.03300000000001546,-0.0020000000000095497,0.03100000000000591
2024-03-01 05:00:00,JPY,Consumer Confidence,39.1,38.0,150.596,150.637,150.606,150.606,150.26,39.1,38.0,1.1000000000000014,2.894736842105267,0,5,4,3,2024,0.04099999999999682,-0.03100000000000591,0.009999999999990905
2024-03-01 14:45:00,USD,Final Manufacturing PMI,52.2,51.5,150.11,150.111,150.112,150.112,150.519,52.2,51.5,0.7000000000000028,1.3592233009708794,1,14,4,3,2024,0.0009999999999763531,0.0010000000000047748,0.001999999999981128
2024-03-01 15:00:00,USD,ISM Manufacturing PMI,47.8,49.1,150.102,150.123,150.1,150.1,150.555,47.8,49.1,-1.3000000000000043,-2.6476578411405383,1,15,4,3,2024,0.020999999999986585,-0.022999999999996135,-0.0020000000000095497
2024-03-03 23:50:00,JPY,Capital Spending q/y,16.4%,3.4%,150.186,150.204,150.26,150.515,149.944,16.4,3.4,12.999999999999998,382.35294117647055,0,23,6,3,2024,0.018000000000000682,0.055999999999983174,0.07399999999998386
2024-03-04 23:30:00,JPY,Tokyo Core CPI y/y,2.5%,1.8%,150.508,150.504,150.503,149.973,148.416,2.5,1.8,0.7,38.888888888888886,0,23,0,3,2024,-0.004000000000019099,-0.0010000000000047748,-0.005000000000023874
2024-03-05 03:35:00,JPY,10-y Bond Auction,0.72|3.2,0.74|3.6,150.377,150.362,150.388,149.762,147.827,,,,,0,3,1,3,2024,-0.01500000000001478,0.02600000000001046,0.01099999999999568
2024-03-05 14:45:00,USD,Final Services PMI,52.3,51.3,149.968,149.943,149.943,149.366,148.024,52.3,51.3,1.0,1.9493177387914233,1,14,1,3,2024,-0.024999999999977263,0.0,-0.024999999999977263
2024-03-05 15:00:00,USD,ISM Services PMI,52.6,53.4,149.932,149.926,149.946,149.353,147.996,52.6,53.4,-0.7999999999999972,-1.4981273408239646,1,15,1,3,2024,-0.006000000000000227,0.020000000000010232,0.014000000000010004
2024-03-05 15:36:00,USD,RCM/TIPP Economic Optimism,43.5,44.0,149.859,149.904,149.895,149.421,148.046,43.5,44.0,-0.5,-1.1363636363636365,1,15,1,3,2024,0.044999999999987494,-0.00899999999998613,0.036000000000001364
2024-03-06 13:15:00,USD,ADP Non-Farm Employment Change,140K,111K,149.227,149.24,149.23,148.058,147.129,140000.0,111000.0,29000.0,26.126126126126124,1,13,2,3,2024,0.01300000000000523,-0.010000000000019327,0.002999999999985903
2024-03-06 23:30:00,JPY,Average Cash Earnings y/y,2.0%,0.8%,148.542,148.416,148.505,147.863,147.011,2.0,0.8,1.2,149.99999999999997,0,23,2,3,2024,-0.12600000000000477,0.08899999999999864,-0.03700000000000614
2024-03-07 03:35:00,JPY,30-y Bond Auction,1.77|2.9,1.79|3.2,147.902,147.827,147.88,147.907,146.765,,,,,0,3,3,3,2024,-0.07499999999998863,0.05299999999999727,-0.02199999999999136
2024-03-07 12:30:00,USD,Challenger Job Cuts y/y,8.8%,-20.0%,148.146,148.173,148.159,147.046,146.789,8.8,-20.0,28.8,144.0,1,12,3,3,2024,0.027000000000015234,-0.014000000000010004,0.01300000000000523
2024-03-07 15:30:00,USD,Natural Gas Storage,-40B,-96B,148.033,148.049,148.043,147.097,146.963,-40000000000.0,-96000000000.0,56000000000.0,58.333333333333336,1,15,3,3,2024,0.016000000000019554,-0.006000000000000227,0.010000000000019327
2024-03-07 20:00:00,USD,Consumer Credit m/m,19.5B,0.9B,147.707,147.735,147.773,147.773,146.734,19500000000.0,900000000.0,18600000000.0,2066.666666666667,1,20,3,3,2024,0.02800000000002001,0.03799999999998249,0.0660000000000025
2024-03-07 23:30:00,JPY,Household Spending y/y,-6.3%,-2.5%,147.863,147.863,147.87,147.87,147.011,-6.3,-2.5,-3.8,-152.0,0,23,3,3,2024,0.0,0.007000000000005002,0.007000000000005002
2024-03-07 23:50:00,JPY,Bank Lending y/y,3.0%,3.1%,147.894,147.893,147.82,147.82,146.908,3.0,3.1,-0.10000000000000009,-3.2258064516129057,0,23,3,3,2024,-0.0010000000000047748,-0.0730000000000075,-0.07400000000001228
2024-03-08 05:00:00,JPY,Leading Indicators,109.9%,110.2%,147.041,147.106,147.138,147.138,146.611,109.9,110.2,-0.29999999999999716,-0.2722323049001789,0,5,4,3,2024,0.06499999999999773,0.03200000000001069,0.09700000000000841
2024-03-08 06:00:00,JPY,Economy Watchers Sentiment,51.3,50.2,147.125,147.102,147.027,147.027,146.683,51.3,50.2,1.0999999999999943,2.191235059760945,0,6,4,3,2024,-0.022999999999996135,-0.07500000000001705,-0.09800000000001319
2024-03-10 22:50:00,JPY,Final GDP q/q,0.1%,-0.1%,146.986,146.94,146.951,147.366,147.359,0.1,-0.1,0.2,200.0,0,22,6,3,2024,-0.04599999999999227,0.01099999999999568,-0.03499999999999659
2024-03-11 04:59:00,JPY,Prelim Machine Tool Orders y/y,-8.0%,-14.0%,146.522,146.611,146.617,147.422,147.989,-8.0,-14.0,6.0,42.857142857142854,0,4,0,3,2024,0.08899999999999864,0.006000000000000227,0.09499999999999886
2024-03-11 22:50:00,JPY,BSI Manufacturing Index,-6.7,5.7,147.365,147.366,147.358,147.359,147.851,-6.7,5.7,-12.4,-217.54385964912282,0,22,0,3,2024,0.0010000000000047748,-0.008000000000009777,-0.007000000000005002
2024-03-12 09:00:00,USD,NFIB Small Business Index,89.4,89.9,147.825,147.786,147.913,147.882,148.04,89.4,89.9,-0.5,-0.5561735261401557,1,9,1,3,2024,-0.03899999999998727,0.12700000000000955,0.08800000000002228
2024-03-12 11:30:00,USD,Core CPI m/m,0.4%,0.4%,147.7,147.724,147.703,147.686,148.16,0.4,0.4,0.0,0.0,1,11,1,3,2024,0.02400000000000091,-0.020999999999986585,0.0030000000000143245
2024-03-12 16:01:00,USD,10-y Bond Auction,4.17|2.5,4.09|2.6,147.655,147.61,147.629,147.626,148.301,,,,,1,16,1,3,2024,-0.044999999999987494,0.018999999999977035,-0.02600000000001046
2024-03-12 17:00:00,USD,Federal Budget Balance,-296.3B,-21.9B,147.644,147.616,147.599,147.662,148.262,-296300000000.0,-21900000000.0,-274400000000.0,-1252.9680365296804,1,17,1,3,2024,-0.027999999999991587,-0.01700000000002433,-0.045000000000015916
2024-03-13 13:30:00,USD,Crude Oil Inventories,-1.5M,1.4M,147.676,147.67,147.658,148.353,149.036,-1500000.0,1400000.0,-2900000.0,-207.14285714285717,1,13,2,3,2024,-0.006000000000000227,-0.012000000000000455,-0.018000000000000682
2024-03-13 16:01:00,USD,30-y Bond Auction,4.33|2.5,4.36|2.4,147.756,147.626,147.656,148.301,148.953,,,,,1,16,2,3,2024,-0.12999999999999545,0.030000000000001137,-0.09999999999999432
2024-03-14 13:00:00,USD,Business Inventories m/m,0.0%,0.3%,148.263,148.295,148.292,149.032,149.1,0.0,0.3,-0.3,-100.0,1,13,3,3,2024,0.031999999999982265,-0.002999999999985903,0.028999999999996362
2024-03-14 13:30:00,USD,Natural Gas Storage,-9B,-40B,148.316,148.353,148.332,149.036,149.04,-9000000000.0,-40000000000.0,31000000000.0,77.5,1,13,3,3,2024,0.03700000000000614,-0.021000000000015007,0.015999999999991132
2024-03-15 03:30:00,JPY,Tertiary Industry Activity m/m,0.3%,0.5%,148.691,148.711,148.817,148.817,149.081,0.3,0.5,-0.2,-40.0,0,3,4,3,2024,0.020000000000010232,0.10599999999999454,0.12600000000000477
2024-03-15 12:15:00,USD,Industrial Production m/m,0.1%,-0.5%,149.033,149.052,149.035,149.035,149.107,0.1,-0.5,0.6,120.0,1,12,4,3,2024,0.019000000000005457,-0.016999999999995907,0.0020000000000095497
2024-03-15 13:00:00,USD,Prelim UoM Consumer Sentiment,76.5,76.9,149.045,149.032,149.016,149.016,149.1,76.5,76.9,-0.4000000000000057,-0.5201560468140516,1,13,4,3,2024,-0.012999999999976808,-0.016000000000019554,-0.028999999999996362
2024-03-17 22:50:00,JPY,Core Machinery Orders m/m,-1.7%,2.7%,149.059,149.055,149.08,149.606,151.289,-1.7,2.7,-4.4,-162.962962962963,0,22,6,3,2024,-0.003999999999990678,0.025000000000005684,0.021000000000015007
2024-03-18 13:00:00,USD,NAHB Housing Market Index,51,48,149.102,149.1,149.098,150.885,151.474,51.0,48.0,3.0,6.25,1,13,0,3,2024,-0.0020000000000095497,-0.001999999999981128,-0.003999999999990678
2024-03-19 02:36:00,JPY,BOJ Policy Rate,<0.10%,-0.10%,150.046,150.112,150.275,151.359,150.995,,-0.1,,,0,2,1,3,2024,0.0660000000000025,0.16300000000001091,0.22900000000001342
2024-03-19 19:00:00,USD,TIC Long-Term Purchases,36.1B,158.6B,151.019,151.047,151.239,150.748,151.631,36100000000.0,158600000000.0,-122500000000.0,-77.23833543505675,1,19,1,3,2024,0.027999999999991587,0.19200000000000728,0.21999999999999886
2024-03-20 17:00:00,USD,Federal Funds Rate,5.50%,5.50%,151.199,151.199,151.155,151.586,151.428,5.5,5.5,0.0,0.0,1,17,2,3,2024,0.0,-0.04400000000001114,-0.04400000000001114
2024-03-20 22:50:00,JPY,Trade Balance,-0.45T,0.01T,150.511,150.532,150.502,151.537,151.212,,,,,0,22,2,3,2024,0.021000000000015007,-0.030000000000001137,-0.00899999999998613
2024-03-21 12:45:00,USD,Flash Manufacturing PMI,52.5,52.2,151.72,151.723,151.721,151.383,151.488,52.5,52.2,0.29999999999999716,0.5747126436781554,1,12,3,3,2024,0.0030000000000143245,-0.0020000000000095497,0.0010000000000047748
2024-03-21 13:00:00,USD,Existing Home Sales,4.38M,4.00M,151.72,151.713,151.701,151.424,151.515,4380000.0,4000000.0,380000.0,9.5,1,13,3,3,2024,-0.007000000000005002,-0.012000000000000455,-0.019000000000005457
2024-03-21 13:30:00,USD,Natural Gas Storage,7B,-9B,151.69,151.68,151.697,151.41,151.489,7000000000.0,-9000000000.0,16000000000.0,177.77777777777777,1,13,3,3,2024,-0.009999999999990905,0.016999999999995907,0.007000000000005002
2024-03-21 22:30:00,JPY,National Core CPI y/y,2.8%,2.0%,151.572,151.523,151.569,151.569,151.22,2.8,2.0,0.7999999999999998,39.99999999999999,0,22,3,3,2024,-0.049000000000006594,0.04599999999999227,-0.0030000000000143245
2024-03-25 13:00:00,USD,New Home Sales,662K,664K,151.498,151.515,151.496,151.567,151.393,662000.0,664000.0,-2000.0,-0.30120481927710846,1,13,0,3,2024,0.016999999999995907,-0.018999999999977035,-0.001999999999981128
2024-03-25 22:50:00,JPY,SPPI y/y,2.1%,2.1%,151.407,151.405,151.417,151.718,151.344,2.1,2.1,0.0,0.0,0,22,0,3,2024,-0.0020000000000095497,0.012000000000000455,0.009999999999990905
2024-03-26 04:00:00,JPY,BOJ Core CPI y/y,2.3%,2.6%,151.267,151.268,151.253,151.784,151.429,2.3,2.6,-0.30000000000000027,-11.538461538461549,0,4,1,3,2024,0.0010000000000047748,-0.01500000000001478,-0.014000000000010004
2024-03-26 11:30:00,USD,Core Durable Goods Orders m/m,0.5%,-0.4%,151.514,151.489,151.488,151.368,151.301,0.5,-0.4,0.9,225.0,1,11,1,3,2024,-0.025000000000005684,-0.0010000000000047748,-0.02600000000001046
2024-03-26 12:00:00,USD,S&P/CS Composite-20 HPI y/y,6.6%,6.2%,151.529,151.505,151.468,151.33,151.345,6.6,6.2,0.39999999999999947,6.451612903225798,1,12,1,3,2024,-0.02400000000000091,-0.03700000000000614,-0.06100000000000705
2024-03-26 12:59:00,USD,Richmond Manufacturing Index,-11,-5,151.549,151.562,151.563,151.388,151.384,-11.0,-5.0,-6.0,-120.0,1,12,1,3,2024,0.01300000000000523,0.0009999999999763531,0.013999999999981583
2024-03-26 13:00:00,USD,CB Consumer Confidence,104.7,104.8,151.545,151.567,151.552,151.393,151.383,104.7,104.8,-0.09999999999999432,-0.09541984732823885,1,13,1,3,2024,0.02200000000001978,-0.01500000000001478,0.007000000000005002
2024-03-27 13:30:00,USD,Crude Oil Inventories,3.2M,-2.0M,151.384,151.387,151.381,151.399,151.324,3200000.0,-2000000.0,5200000.0,260.0,1,13,2,3,2024,0.0030000000000143245,-0.006000000000000227,-0.002999999999985903
2024-03-28 12:45:00,USD,Chicago PMI,41.4,44.0,151.356,151.386,151.375,151.303,151.699,41.4,44.0,-2.6000000000000014,-5.909090909090913,1,12,3,3,2024,0.030000000000001137,-0.01099999999999568,0.019000000000005457
2024-03-28 13:00:00,USD,Pending Home Sales m/m,1.6%,-4.7%,151.374,151.383,151.384,151.31,151.699,1.6,-4.7,6.300000000000001,134.04255319148936,1,13,3,3,2024,0.009000000000014552,0.0009999999999763531,0.009999999999990905
2024-03-28 13:30:00,USD,Natural Gas Storage,-36B,7B,151.396,151.399,151.395,151.324,151.594,-36000000000.0,7000000000.0,-43000000000.0,-614.2857142857143,1,13,3,3,2024,0.0030000000000143245,-0.003999999999990678,-0.0009999999999763531
2024-03-28 22:30:00,JPY,Tokyo Core CPI y/y,2.4%,2.5%,151.301,151.277,151.284,151.284,151.282,2.4,2.5,-0.10000000000000009,-4.0000000000000036,0,22,3,3,2024,-0.02400000000000091,0.007000000000005002,-0.016999999999995907
2024-03-28 22:50:00,JPY,Prelim Industrial Production m/m,-0.1%,-6.7%,151.285,151.293,151.296,151.296,151.292,-0.1,-6.7,6.6000000000000005,98.50746268656717,0,22,3,3,2024,0.008000000000009777,0.002999999999985903,0.01099999999999568
2024-03-29 04:00:00,JPY,Housing Starts y/y,-8.2%,-7.5%,151.346,151.347,151.345,151.345,151.347,-8.2,-7.5,-0.6999999999999993,-9.333333333333323,0,4,4,3,2024,0.0010000000000047748,-0.0020000000000095497,-0.0010000000000047748
2024-03-29 11:30:00,USD,Core PCE Price Index m/m,0.3%,0.5%,151.227,151.226,151.23,151.23,151.732,0.3,0.5,-0.2,-40.0,1,11,4,3,2024,-0.0010000000000047748,0.003999999999990678,0.002999999999985903
2024-03-31 22:50:00,JPY,Tankan Manufacturing Index,11,12,151.295,151.292,151.303,151.712,151.587,11.0,12.0,-1.0,-8.333333333333332,0,22,6,3,2024,-0.002999999999985903,0.01099999999999568,0.008000000000009777
2024-03-31 23:30:00,JPY,Final Manufacturing PMI,48.2,48.2,151.335,151.325,151.324,151.743,151.561,48.2,48.2,0.0,0.0,0,23,6,3,2024,-0.010000000000019327,-0.0009999999999763531,-0.01099999999999568
2024-04-01 12:45:00,USD,Final Manufacturing PMI,51.9,52.5,151.699,151.699,151.694,151.574,151.647,51.9,52.5,-0.6000000000000014,-1.1428571428571457,1,12,0,4,2024,0.0,-0.005000000000023874,-0.005000000000023874
2024-04-01 13:00:00,USD,ISM Manufacturing PMI,50.3,47.8,151.7,151.699,151.653,151.585,151.656,50.3,47.8,2.5,5.2301255230125525,1,13,0,4,2024,-0.0009999999999763531,-0.04600000000002069,-0.046999999999997044
2024-04-01 22:50:00,JPY,Monetary Base y/y,1.6%,2.4%,151.698,151.712,151.678,151.587,151.691,1.6,2.4,-0.7999999999999998,-33.33333333333333,0,22,0,4,2024,0.013999999999981583,-0.033999999999991815,-0.020000000000010232
2024-04-02 02:35:00,JPY,10-y Bond Auction,0.75|3.8,0.72|3.2,151.718,151.718,151.727,151.639,151.633,,,,,0,2,1,4,2024,0.0,0.009000000000014552,0.009000000000014552
2024-04-02 13:00:00,USD,JOLTS Job Openings,8.76M,8.75M,151.598,151.585,151.613,151.656,151.655,8760000.0,8750000.0,10000.0,0.1142857142857143,1,13,1,4,2024,-0.01300000000000523,0.027999999999991587,0.014999999999986358
2024-04-03 11:15:00,USD,ADP Non-Farm Employment Change,184K,155K,151.765,151.743,151.743,151.678,151.585,184000.0,155000.0,29000.0,18.70967741935484,1,11,2,4,2024,-0.02199999999999136,0.0,-0.02199999999999136
2024-04-03 12:45:00,USD,Final Services PMI,51.7,51.7,151.637,151.647,151.67,151.652,151.599,51.7,51.7,0.0,0.0,1,12,2,4,2024,0.009999999999990905,0.022999999999996135,0.03299999999998704
2024-04-03 13:00:00,USD,ISM Services PMI,51.4,52.6,151.668,151.656,151.685,151.655,151.575,51.4,52.6,-1.2000000000000028,-2.281368821292781,1,13,2,4,2024,-0.012000000000000455,0.028999999999996362,0.016999999999995907
2024-04-03 13:30:00,USD,Crude Oil Inventories,3.2M,3.2M,151.657,151.667,151.69,151.656,151.576,3200000.0,3200000.0,0.0,0.0,1,13,2,4,2024,0.009999999999990905,0.022999999999996135,0.03299999999998704
2024-04-04 02:35:00,JPY,30-y Bond Auction,1.81|3.5,1.77|2.9,151.665,151.633,151.67,151.273,151.812,,,,,0,2,3,4,2024,-0.031999999999982265,0.03699999999997772,0.0049999999999954525
2024-04-04 13:30:00,USD,Natural Gas Storage,-37B,-36B,151.647,151.656,151.653,151.576,151.773,-37000000000.0,-36000000000.0,-1000000000.0,-2.7777777777777777,1,13,3,4,2024,0.009000000000014552,-0.0030000000000143245,0.006000000000000227
2024-04-04 22:30:00,JPY,Household Spending y/y,-0.5%,-6.3%,151.162,151.168,151.167,151.167,151.718,-0.5,-6.3,5.8,92.06349206349206,0,22,3,4,2024,0.006000000000000227,-0.0010000000000047748,0.0049999999999954525
2024-04-05 04:00:00,JPY,Leading Indicators,111.8%,109.5%,151.297,151.357,151.31,151.31,151.876,111.8,109.5,2.299999999999997,2.1004566210045637,0,4,4,4,2024,0.060000000000002274,-0.046999999999997044,0.01300000000000523
2024-04-05 18:00:00,USD,Consumer Credit m/m,14.1B,17.7B,0.0,0.0,0.0,0.0,151.667,14100000000.0,17700000000.0,-3600000000.0,-20.33898305084746,1,18,4,4,2024,0.0,0.0,0.0
2024-04-07 22:30:00,JPY,Average Cash Earnings y/y,1.8%,1.5%,151.737,151.718,151.726,151.846,151.734,1.8,1.5,0.30000000000000004,20.000000000000004,0,22,6,4,2024,-0.019000000000005457,0.008000000000009777,-0.01099999999999568
2024-04-07 22:50:00,JPY,Current Account,1.37T,2.75T,151.711,151.699,151.734,151.869,151.744,,,,,0,22,6,4,2024,-0.012000000000000455,0.03499999999999659,0.022999999999996135
2024-04-08 04:00:00,JPY,Economy Watchers Sentiment,49.8,51.3,151.852,151.876,151.852,151.906,151.833,49.8,51.3,-1.5,-2.9239766081871346,0,4,0,4,2024,0.02400000000000091,-0.02400000000000091,0.0
2024-04-09 04:00:00,JPY,Consumer Confidence,39.5,39.1,151.917,151.906,151.895,151.833,153.131,39.5,39.1,0.3999999999999986,1.0230179028132955,0,4,1,4,2024,-0.01099999999999568,-0.01099999999999568,-0.02199999999999136
2024-04-09 04:58:00,JPY,Prelim Machine Tool Orders y/y,-3.8%,-8.0%,151.872,151.886,151.884,151.849,153.247,-3.8,-8.0,4.2,52.5,0,4,1,4,2024,0.013999999999981583,-0.0020000000000095497,0.011999999999972033
2024-04-09 09:00:00,USD,NFIB Small Business Index,88.5,89.4,151.75,151.78,151.76,152.44,152.901,88.5,89.4,-0.9000000000000057,-1.0067114093959795,1,9,1,4,2024,0.030000000000001137,-0.020000000000010232,0.009999999999990905
2024-04-09 13:06:00,USD,RCM/TIPP Economic Optimism,43.2,43.5,151.688,151.683,151.692,152.971,153.217,43.2,43.5,-0.29999999999999716,-0.6896551724137866,1,13,1,4,2024,-0.0049999999999954525,0.009000000000014552,0.004000000000019099
2024-04-09 22:50:00,JPY,Bank Lending y/y,3.2%,3.0%,151.719,151.744,151.753,152.845,153.151,3.2,3.0,0.20000000000000018,6.666666666666672,0,22,1,4,2024,0.025000000000005684,0.00899999999998613,0.033999999999991815
2024-04-10 13:00:00,USD,Final Wholesale Inventories m/m,0.5%,0.5%,152.959,152.94,152.963,153.235,153.07,0.5,0.5,0.0,0.0,1,13,2,4,2024,-0.019000000000005457,0.022999999999996135,0.003999999999990678
2024-04-10 16:01:00,USD,10-y Bond Auction,4.56|2.3,4.17|2.5,152.965,152.949,152.947,153.228,153.254,,,,,1,16,2,4,2024,-0.015999999999991132,-0.0020000000000095497,-0.018000000000000682
2024-04-10 22:50:00,JPY,M2 Money Stock y/y,2.5%,2.4%,152.846,152.845,152.852,153.151,153.711,2.5,2.4,0.10000000000000009,4.1666666666666705,0,22,2,4,2024,-0.0010000000000047748,0.007000000000005002,0.006000000000000227
2024-04-11 11:30:00,USD,Core PPI m/m,0.2%,0.3%,153.281,153.308,153.283,153.078,154.249,0.2,0.3,-0.09999999999999998,-33.33333333333333,1,11,3,4,2024,0.026999999999986812,-0.025000000000005684,0.001999999999981128
2024-04-11 13:30:00,USD,Natural Gas Storage,24B,-37B,153.223,153.237,153.227,153.082,154.126,24000000000.0,-37000000000.0,61000000000.0,164.86486486486487,1,13,3,4,2024,0.013999999999981583,-0.009999999999990905,0.003999999999990678
2024-04-11 16:01:00,USD,30-y Bond Auction,4.67|2.4,4.33|2.5,153.189,153.228,153.229,153.254,154.233,,,,,1,16,3,4,2024,0.03900000000001569,0.0010000000000047748,0.040000000000020464
2024-04-12 03:30:00,JPY,Revised Industrial Production m/m,-0.6%,-0.1%,153.312,153.256,153.275,153.275,153.959,-0.6,-0.1,-0.5,-500.0,0,3,4,4,2024,-0.056000000000011596,0.019000000000005457,-0.03700000000000614
2024-04-12 11:30:00,USD,Import Prices m/m,0.4%,0.3%,153.026,153.078,153.137,153.137,154.249,0.4,0.3,0.10000000000000003,33.33333333333335,1,11,4,4,2024,0.0519999999999925,0.0589999999999975,0.11099999999999
2024-04-12 13:00:00,USD,Prelim UoM Consumer Sentiment,77.9,79.4,153.079,153.07,153.092,153.092,154.275,77.9,79.4,-1.5,-1.889168765743073,1,13,4,4,2024,-0.009000000000014552,0.02200000000001978,0.01300000000000523
2024-04-14 23:50:00,JPY,Core Machinery Orders m/m,7.7%,-1.7%,153.681,153.662,153.675,154.339,154.657,7.7,-1.7,9.4,552.9411764705883,0,23,6,4,2024,-0.019000000000005457,0.01300000000000523,-0.006000000000000227
2024-04-15 14:00:00,USD,Business Inventories m/m,0.4%,0.0%,154.207,154.187,154.177,154.729,154.302,0.4,0.0,0.4,,1,14,0,4,2024,-0.01999999999998181,-0.010000000000019327,-0.030000000000001137
2024-04-16 13:15:00,USD,Industrial Production m/m,0.4%,0.4%,154.63,154.657,154.69,154.319,154.632,0.4,0.4,0.0,0.0,1,13,1,4,2024,0.027000000000015234,0.03299999999998704,0.060000000000002274
2024-04-16 23:50:00,JPY,Trade Balance,-0.70T,-0.57T,154.61,154.657,154.647,154.269,154.246,,,,,0,23,1,4,2024,0.046999999999997044,-0.010000000000019327,0.03699999999997772
2024-04-17 14:30:00,USD,Crude Oil Inventories,2.7M,5.8M,154.281,154.3,154.296,154.633,154.605,2700000.0,5800000.0,-3100000.0,-53.44827586206896,1,14,2,4,2024,0.019000000000005457,-0.004000000000019099,0.014999999999986358
2024-04-17 20:00:00,USD,TIC Long-Term Purchases,71.5B,14.0B,154.33,154.335,154.396,154.613,154.639,71500000000.0,14000000000.0,57500000000.0,410.71428571428567,1,20,2,4,2024,0.0049999999999954525,0.06099999999997863,0.06599999999997408
2024-04-18 04:30:00,JPY,Tertiary Industry Activity m/m,1.5%,-0.5%,154.282,154.332,154.358,154.401,154.684,1.5,-0.5,2.0,400.0,0,4,3,4,2024,0.04999999999998295,0.02600000000001046,0.0759999999999934
2024-04-18 12:30:00,USD,Unemployment Claims,212K,212K,154.599,154.615,154.608,154.593,154.824,212000.0,212000.0,0.0,0.0,1,12,3,4,2024,0.016000000000019554,-0.007000000000005002,0.009000000000014552
2024-04-18 14:00:00,USD,Existing Home Sales,4.19M,4.38M,154.648,154.633,154.645,154.634,154.808,4190000.0000000005,4380000.0,-189999.99999999953,-4.337899543378985,1,14,3,4,2024,-0.014999999999986358,0.012000000000000455,-0.002999999999985903
2024-04-18 14:30:00,USD,Natural Gas Storage,50B,24B,154.633,154.633,154.632,154.605,154.811,50000000000.0,24000000000.0,26000000000.0,108.33333333333333,1,14,3,4,2024,0.0,-0.0010000000000047748,-0.0010000000000047748
2024-04-18 23:30:00,JPY,National Core CPI y/y,2.6%,2.8%,154.208,154.353,154.313,154.313,154.693,2.6,2.8,-0.19999999999999973,-7.142857142857134,0,23,3,4,2024,0.14500000000001023,-0.040000000000020464,0.10499999999998977
2024-04-23 00:30:00,JPY,Flash Manufacturing PMI,49.9,48.2,154.75,154.738,154.743,154.848,155.476,49.9,48.2,1.6999999999999957,3.5269709543568375,0,0,1,4,2024,-0.012000000000000455,0.0049999999999954525,-0.007000000000005002
2024-04-23 05:00:00,JPY,BOJ Core CPI y/y,2.2%,2.3%,154.851,154.843,154.828,154.889,155.665,2.2,2.3,-0.09999999999999964,-4.347826086956506,0,5,1,4,2024,-0.008000000000009777,-0.014999999999986358,-0.022999999999996135
2024-04-23 13:45:00,USD,Flash Manufacturing PMI,49.9,51.9,154.713,154.737,154.712,155.334,155.578,49.9,51.9,-2.0,-3.853564547206166,1,13,1,4,2024,0.02400000000000091,-0.025000000000005684,-0.0010000000000047748
2024-04-23 13:59:00,USD,Richmond Manufacturing Index,-7,-11,154.749,154.749,154.727,155.287,155.564,-7.0,-11.0,4.0,36.36363636363637,1,13,1,4,2024,0.0,-0.02199999999999136,-0.02199999999999136
2024-04-23 14:00:00,USD,New Home Sales,693K,637K,154.737,154.737,154.712,155.288,155.571,693000.0,637000.0,56000.0,8.791208791208792,1,14,1,4,2024,0.0,-0.025000000000005684,-0.025000000000005684
2024-04-23 23:50:00,JPY,SPPI y/y,2.3%,2.2%,154.842,154.833,154.841,155.44,156.036,2.3,2.2,0.09999999999999964,4.545454545454529,0,23,1,4,2024,-0.009000000000014552,0.008000000000009777,-0.0010000000000047748
2024-04-24 14:30:00,USD,Crude Oil Inventories,-6.4M,2.7M,155.292,155.295,155.317,155.545,157.725,-6400000.0,2700000.0,-9100000.0,-337.037037037037,1,14,2,4,2024,0.002999999999985903,0.02200000000001978,0.025000000000005684
2024-04-25 12:30:00,USD,Advance GDP q/q,1.6%,3.4%,155.579,155.527,155.538,157.645,156.457,1.6,3.4,-1.7999999999999998,-52.94117647058824,1,12,3,4,2024,-0.05200000000002092,0.011000000000024102,-0.04099999999999682
2024-04-25 14:00:00,USD,Pending Home Sales m/m,3.4%,1.6%,155.588,155.571,155.578,157.7,156.082,3.4,1.6,1.7999999999999998,112.49999999999997,1,14,3,4,2024,-0.016999999999995907,0.007000000000005002,-0.009999999999990905
2024-04-25 14:30:00,USD,Natural Gas Storage,92B,50B,155.543,155.545,155.534,157.725,155.952,92000000000.0,50000000000.0,42000000000.0,84.0,1,14,3,4,2024,0.001999999999981128,-0.01099999999999568,-0.009000000000014552
2024-04-25 23:30:00,JPY,Tokyo Core CPI y/y,1.6%,2.4%,155.814,155.927,156.011,156.011,159.326,1.6,2.4,-0.7999999999999998,-33.33333333333333,0,23,3,4,2024,0.11299999999999955,0.08400000000000318,0.19700000000000273
2024-04-26 12:30:00,USD,Core PCE Price Index m/m,0.3%,0.3%,157.65,157.645,157.658,157.658,156.457,0.3,0.3,0.0,0.0,1,12,4,4,2024,-0.0049999999999954525,0.012999999999976808,0.007999999999981355
2024-04-26 14:00:00,USD,Revised UoM Consumer Sentiment,77.2,77.9,157.727,157.7,157.706,157.706,156.082,77.2,77.9,-0.7000000000000028,-0.8985879332477572,1,14,4,4,2024,-0.027000000000015234,0.006000000000000227,-0.021000000000015007
2024-04-29 23:30:00,JPY,Unemployment Rate,2.6%,2.6%,156.855,156.829,156.8,157.854,156.08,2.6,2.6,0.0,0.0,0,23,0,4,2024,-0.025999999999982037,-0.028999999999996362,-0.0549999999999784
2024-04-29 23:50:00,JPY,Prelim Industrial Production m/m,3.8%,-0.6%,156.785,156.771,156.753,157.916,155.99,3.8,-0.6,4.3999999999999995,733.3333333333333,0,23,0,4,2024,-0.014000000000010004,-0.018000000000000682,-0.03200000000001069
2024-04-30 05:00:00,JPY,Housing Starts y/y,-12.8%,-8.2%,156.896,156.894,156.902,157.95,155.162,-12.8,-8.2,-4.600000000000001,-56.09756097560978,0,5,1,4,2024,-0.001999999999981128,0.007999999999981355,0.006000000000000227
2024-04-30 13:00:00,USD,S&P/CS Composite-20 HPI y/y,7.3%,6.6%,157.467,157.448,157.476,157.617,153.739,7.3,6.6,0.7000000000000002,10.606060606060609,1,13,1,4,2024,-0.019000000000005457,0.027999999999991587,0.00899999999998613
2024-04-30 13:45:00,USD,Chicago PMI,37.9,41.4,157.633,157.632,157.592,157.564,153.28,37.9,41.4,-3.5,-8.454106280193237,1,13,1,4,2024,-0.0010000000000047748,-0.03999999999999204,-0.04099999999999682
2024-04-30 14:00:00,USD,CB Consumer Confidence,97.0,103.1,157.606,157.557,157.57,157.439,153.333,97.0,103.1,-6.099999999999994,-5.916585838991265,1,14,1,4,2024,-0.049000000000006594,0.01300000000000523,-0.036000000000001364
2024-05-01 00:30:00,JPY,Final Manufacturing PMI,49.6,49.9,157.872,157.873,157.842,155.893,153.03,49.6,49.9,-0.29999999999999716,-0.6012024048096136,0,0,2,5,2024,0.0009999999999763531,-0.03099999999997749,-0.030000000000001137
2024-05-01 12:15:00,USD,ADP Non-Farm Employment Change,192K,208K,157.618,157.654,157.649,153.785,152.825,192000.0,208000.0,-16000.0,-7.6923076923076925,1,12,2,5,2024,0.036000000000001364,-0.0049999999999954525,0.03100000000000591
2024-05-01 13:45:00,USD,Final Manufacturing PMI,50.0,49.9,157.571,157.564,157.592,153.28,152.89,50.0,49.9,0.10000000000000142,0.20040080160320925,1,13,2,5,2024,-0.007000000000005002,0.02800000000002001,0.021000000000015007
2024-05-01 14:00:00,USD,ISM Manufacturing PMI,49.2,50.3,157.643,157.439,157.444,153.333,152.901,49.2,50.3,-1.0999999999999943,-2.1868787276341837,1,14,2,5,2024,-0.20400000000000773,0.0049999999999954525,-0.19900000000001228
2024-05-01 14:30:00,USD,Crude Oil Inventories,7.3M,-6.4M,157.451,157.394,157.488,153.223,152.954,7300000.0,-6400000.0,13700000.0,214.0625,1,14,2,5,2024,-0.05699999999998795,0.09399999999999409,0.03700000000000614
2024-05-01 18:00:00,USD,Federal Funds Rate,5.50%,5.50%,155.187,154.645,154.927,153.643,152.835,5.5,5.5,0.0,0.0,1,18,2,5,2024,-0.5420000000000016,0.28199999999998226,-0.2600000000000193
2024-05-01 23:50:00,JPY,Monetary Base y/y,2.1%,1.6%,155.994,155.99,155.914,152.973,153.908,2.1,1.6,0.5,31.25,0,23,2,5,2024,-0.003999999999990678,-0.07600000000002183,-0.0800000000000125
2024-05-02 04:59:00,JPY,Consumer Confidence,38.3,39.5,155.233,155.146,155.031,153.19,153.729,38.3,39.5,-1.2000000000000028,-3.037974683544311,0,4,3,5,2024,-0.08700000000001751,-0.11499999999998067,-0.20199999999999818
2024-05-02 11:30:00,USD,Challenger Job Cuts y/y,-3.3%,0.7%,153.808,153.736,153.654,152.882,153.967,-3.3,0.7,-4.0,-571.4285714285714,1,11,3,5,2024,-0.07200000000000273,-0.08199999999999363,-0.15399999999999636
2024-05-02 14:00:00,USD,Factory Orders m/m,1.6%,1.2%,153.365,153.333,153.307,152.901,153.888,1.6,1.2,0.40000000000000013,33.33333333333335,1,14,3,5,2024,-0.03200000000001069,-0.02600000000001046,-0.058000000000021146
2024-05-02 14:30:00,USD,Natural Gas Storage,59B,92B,153.327,153.223,153.225,152.954,153.928,59000000000.0,92000000000.0,-33000000000.0,-35.869565217391305,1,14,3,5,2024,-0.103999999999985,0.001999999999981128,-0.10200000000000387
2024-05-03 12:30:00,USD,Average Hourly Earnings m/m,0.2%,0.3%,152.804,152.761,152.782,152.782,153.934,0.2,0.3,-0.09999999999999998,-33.33333333333333,1,12,4,5,2024,-0.043000000000006366,0.021000000000015007,-0.02199999999999136
2024-05-03 13:45:00,USD,Final Services PMI,51.3,50.9,152.888,152.89,152.858,152.858,153.866,51.3,50.9,0.3999999999999986,0.7858546168958714,1,13,4,5,2024,0.001999999999981128,-0.031999999999982265,-0.030000000000001137
2024-05-03 14:00:00,USD,ISM Services PMI,49.4,51.4,152.868,152.901,152.934,152.934,153.888,49.4,51.4,-2.0,-3.8910505836575875,1,14,4,5,2024,0.03300000000001546,0.03299999999998704,0.0660000000000025
2024-05-07 14:06:00,USD,RCM/TIPP Economic Optimism,41.8,43.2,154.684,154.683,154.669,155.571,155.526,41.8,43.2,-1.4000000000000057,-3.240740740740754,1,14,1,5,2024,-0.0010000000000047748,-0.013999999999981583,-0.014999999999986358
2024-05-07 19:00:00,USD,Consumer Credit m/m,6.3B,15.0B,154.724,154.816,154.757,155.586,155.37,6300000000.0,15000000000.0,-8700000000.0,-57.99999999999999,1,19,1,5,2024,0.09200000000001296,-0.0589999999999975,0.03300000000001546
2024-05-08 03:35:00,JPY,10-y Bond Auction,0.86|3.2,0.75|3.8,155.224,155.248,155.247,155.789,155.75,,,,,0,3,2,5,2024,0.02400000000000091,-0.0009999999999763531,0.023000000000024556
2024-05-08 14:00:00,USD,Final Wholesale Inventories m/m,-0.4%,-0.4%,155.558,155.562,155.566,155.564,155.842,-0.4,-0.4,0.0,0.0,1,14,2,5,2024,0.004000000000019099,0.003999999999990678,0.008000000000009777
2024-05-08 14:30:00,USD,Crude Oil Inventories,-1.4M,7.3M,155.571,155.584,155.611,155.542,155.865,-1400000.0,7300000.0,-8700000.0,-119.17808219178083,1,14,2,5,2024,0.01300000000000523,0.026999999999986812,0.03999999999999204
2024-05-08 17:01:00,USD,10-y Bond Auction,4.48|2.5,4.56|2.3,155.582,155.445,155.478,155.478,155.65,,,,,1,17,2,5,2024,-0.13700000000000045,0.03300000000001546,-0.103999999999985
2024-05-08 23:30:00,JPY,Average Cash Earnings y/y,0.6%,1.4%,155.575,155.574,155.565,155.713,155.805,0.6,1.4,-0.7999999999999999,-57.14285714285714,0,23,2,5,2024,-0.0009999999999763531,-0.009000000000014552,-0.009999999999990905
2024-05-09 05:00:00,JPY,Leading Indicators,111.4%,112.1%,155.823,155.85,155.861,155.711,155.87,111.4,112.1,-0.6999999999999886,-0.6244424620874118,0,5,3,5,2024,0.026999999999986812,0.01099999999999568,0.03799999999998249
2024-05-09 12:30:00,USD,Unemployment Claims,231K,209K,155.62,155.647,155.668,155.823,156.183,231000.0,209000.0,22000.0,10.526315789473683,1,12,3,5,2024,0.026999999999986812,0.021000000000015007,0.04800000000000182
2024-05-09 14:30:00,USD,Natural Gas Storage,79B,59B,155.528,155.542,155.541,155.865,156.194,79000000000.0,59000000000.0,20000000000.0,33.89830508474576,1,14,3,5,2024,0.014000000000010004,-0.0010000000000047748,0.01300000000000523
2024-05-09 17:01:00,USD,30-y Bond Auction,4.64|2.4,4.67|2.4,155.46,0.0,155.438,155.438,155.65,,,,,1,17,3,5,2024,-155.46,155.438,-0.02200000000001978
2024-05-09 23:30:00,JPY,Household Spending y/y,-1.2%,-0.5%,155.708,155.713,155.698,155.698,155.805,-1.2,-0.5,-0.7,-140.0,0,23,3,5,2024,0.0049999999999954525,-0.014999999999986358,-0.009999999999990905
2024-05-09 23:50:00,JPY,Bank Lending y/y,3.1%,3.2%,155.697,155.716,155.733,155.733,155.749,3.1,3.2,-0.10000000000000009,-3.1250000000000027,0,23,3,5,2024,0.019000000000005457,0.016999999999995907,0.036000000000001364
2024-05-10 03:35:00,JPY,30-y Bond Auction,1.99|3.2,1.81|3.5,155.741,155.75,155.758,155.758,155.822,,,,,0,3,4,5,2024,0.00899999999998613,0.008000000000009777,0.016999999999995907
2024-05-10 05:00:00,JPY,Economy Watchers Sentiment,47.4,49.8,155.72,155.711,155.691,155.691,155.87,47.4,49.8,-2.3999999999999986,-4.819277108433733,0,5,4,5,2024,-0.00899999999998613,-0.020000000000010232,-0.028999999999996362
2024-05-10 14:00:00,USD,Prelim UoM Consumer Sentiment,67.4,77.2,155.84,155.842,155.864,155.864,156.22,67.4,77.2,-9.799999999999997,-12.69430051813471,1,14,4,5,2024,0.0020000000000095497,0.02199999999999136,0.02400000000000091
2024-05-10 18:00:00,USD,Federal Budget Balance,209.5B,-236.5B,0.0,0.0,0.0,0.0,155.733,209500000000.0,-236500000000.0,446000000000.0,188.5835095137421,1,18,4,5,2024,0.0,0.0,0.0
2024-05-12 23:50:00,JPY,M2 Money Stock y/y,2.2%,2.5%,155.758,155.749,155.748,156.431,156.415,2.2,2.5,-0.2999999999999998,-11.999999999999993,0,23,6,5,2024,-0.009000000000014552,-0.0010000000000047748,-0.010000000000019327
2024-05-13 13:45:00,USD,Cleveland Fed Inflation Expectations,3.8%,3.4%,156.244,156.246,156.239,156.477,154.79,3.8,3.4,0.3999999999999999,11.764705882352938,1,13,0,5,2024,0.0020000000000095497,-0.007000000000005002,-0.0049999999999954525
2024-05-13 23:50:00,JPY,PPI y/y,0.9%,0.9%,156.397,156.431,156.431,156.415,154.043,0.9,0.9,0.0,0.0,0,23,0,5,2024,0.034000000000020236,0.0,0.034000000000020236
2024-05-14 05:58:00,JPY,Prelim Machine Tool Orders y/y,-11.6%,-3.8%,156.354,156.354,156.384,155.841,154.692,-11.6,-3.8,-7.8,-205.26315789473685,0,5,1,5,2024,0.0,0.029999999999972715,0.029999999999972715
2024-05-14 10:00:00,USD,NFIB Small Business Index,89.7,88.5,156.36,156.386,156.376,155.71,155.47,89.7,88.5,1.2000000000000028,1.3559322033898338,1,10,1,5,2024,0.025999999999982037,-0.009999999999990905,0.015999999999991132
2024-05-15 14:00:00,USD,Business Inventories m/m,-0.1%,0.3%,154.758,154.765,154.813,155.244,155.658,-0.1,0.3,-0.4,-133.33333333333334,1,14,2,5,2024,0.0069999999999765805,0.04800000000000182,0.0549999999999784
2024-05-15 20:00:00,USD,TIC Long-Term Purchases,100.5B,62.9B,154.249,154.387,154.432,155.38,155.769,100500000000.0,62900000000.0,37600000000.0,59.77742448330684,1,20,2,5,2024,0.13800000000000523,0.044999999999987494,0.18299999999999272
2024-05-15 23:50:00,JPY,Prelim GDP q/q,-0.5%,0.1%,154.027,154.043,154.032,155.871,155.728,-0.5,0.1,-0.6,-599.9999999999999,0,23,2,5,2024,0.016000000000019554,-0.01099999999999568,0.005000000000023874
2024-05-16 04:30:00,JPY,Revised Industrial Production m/m,4.4%,3.8%,154.735,154.747,154.669,155.89,155.729,4.4,3.8,0.6000000000000005,15.789473684210542,0,4,3,5,2024,0.012000000000000455,-0.07800000000000296,-0.0660000000000025
2024-05-16 12:30:00,USD,Unemployment Claims,222K,232K,155.298,155.329,155.32,155.567,156.095,222000.0,232000.0,-10000.0,-4.310344827586207,1,12,3,5,2024,0.03100000000000591,-0.009000000000014552,0.02199999999999136
2024-05-16 13:15:00,USD,Industrial Production m/m,0.0%,0.1%,155.237,155.215,155.253,155.623,156.06,0.0,0.1,-0.1,-100.0,1,13,3,5,2024,-0.02199999999999136,0.03799999999998249,0.015999999999991132
2024-05-16 14:23:00,USD,Mortgage Delinquencies,3.94%,3.88%,155.296,155.275,155.286,155.645,156.181,3.94,3.88,0.06000000000000005,1.546391752577321,1,14,3,5,2024,-0.020999999999986585,0.01099999999999568,-0.009999999999990905
2024-05-16 14:30:00,USD,Natural Gas Storage,70B,79B,155.284,155.283,155.295,155.646,156.189,70000000000.0,79000000000.0,-9000000000.0,-11.39240506329114,1,14,3,5,2024,-0.0010000000000047748,0.012000000000000455,0.01099999999999568
2024-05-17 14:00:00,USD,CB Leading Index m/m,-0.6%,-0.3%,155.667,155.658,155.636,155.636,156.173,-0.6,-0.3,-0.3,-100.0,1,14,4,5,2024,-0.009000000000014552,-0.02199999999999136,-0.03100000000000591
2024-05-20 04:30:00,JPY,Tertiary Industry Activity m/m,-2.4%,2.2%,155.74,155.729,155.729,156.207,156.458,-2.4,2.2,-4.6,-209.09090909090904,0,4,0,5,2024,-0.01099999999999568,0.0,-0.01099999999999568
2024-05-21 23:50:00,JPY,Core Machinery Orders m/m,2.9%,7.7%,156.302,156.314,156.304,156.733,157.069,2.9,7.7,-4.800000000000001,-62.337662337662344,0,23,1,5,2024,0.012000000000000455,-0.009999999999990905,0.0020000000000095497
2024-05-22 14:00:00,USD,Existing Home Sales,4.14M,4.22M,156.499,156.516,156.571,156.952,156.943,4139999.9999999995,4220000.0,-80000.00000000047,-1.895734597156409,1,14,2,5,2024,0.016999999999995907,0.05500000000000682,0.07200000000000273
2024-05-22 14:30:00,USD,Crude Oil Inventories,1.8M,-2.5M,156.593,156.608,156.573,156.835,156.921,1800000.0,-2500000.0,4300000.0,172.0,1,14,2,5,2024,0.01500000000001478,-0.03499999999999659,-0.01999999999998181
2024-05-23 00:30:00,JPY,Flash Manufacturing PMI,50.5,49.6,156.741,156.73,156.729,157.085,156.729,50.5,49.6,0.8999999999999986,1.8145161290322551,0,0,3,5,2024,-0.011000000000024102,-0.0009999999999763531,-0.012000000000000455
2024-05-23 13:45:00,USD,Flash Manufacturing PMI,50.9,50.0,156.97,156.981,156.962,156.906,156.88,50.9,50.0,0.8999999999999986,1.7999999999999972,1,13,3,5,2024,0.01099999999999568,-0.019000000000005457,-0.008000000000009777
2024-05-23 14:30:00,USD,Natural Gas Storage,78B,70B,156.853,156.835,156.867,156.921,156.859,78000000000.0,70000000000.0,8000000000.0,11.428571428571429,1,14,3,5,2024,-0.018000000000000682,0.031999999999982265,0.013999999999981583
2024-05-23 23:30:00,JPY,National Core CPI y/y,2.2%,2.6%,157.082,157.09,157.058,157.058,156.751,2.2,2.6,-0.3999999999999999,-15.38461538461538,0,23,3,5,2024,0.008000000000009777,-0.03200000000001069,-0.02400000000000091
2024-05-24 14:00:00,USD,Revised UoM Consumer Sentiment,69.1,67.4,156.936,156.943,156.919,156.919,156.871,69.1,67.4,1.6999999999999886,2.5222551928783212,1,14,4,5,2024,0.007000000000005002,-0.02400000000000091,-0.016999999999995907
2024-05-27 23:50:00,JPY,SPPI y/y,2.8%,2.4%,156.663,156.668,156.664,157.301,157.401,2.8,2.4,0.3999999999999999,16.666666666666664,0,23,0,5,2024,0.0049999999999954525,-0.004000000000019099,0.0009999999999763531
2024-05-28 05:00:00,JPY,BOJ Core CPI y/y,1.8%,2.2%,156.885,156.884,156.948,157.098,156.921,1.8,2.2,-0.40000000000000013,-18.181818181818183,0,5,1,5,2024,-0.0010000000000047748,0.06400000000002137,0.0630000000000166
2024-05-28 13:00:00,USD,S&P/CS Composite-20 HPI y/y,7.4%,7.3%,156.968,156.965,157.006,157.664,156.68,7.4,7.3,0.10000000000000053,1.3698630136986376,1,13,1,5,2024,-0.002999999999985903,0.04099999999999682,0.038000000000010914
2024-05-28 14:00:00,USD,CB Consumer Confidence,102.0,97.5,157.093,157.093,157.092,157.638,156.752,102.0,97.5,4.5,4.615384615384616,1,14,1,5,2024,0.0,-0.0009999999999763531,-0.0009999999999763531
2024-05-29 04:59:00,JPY,Consumer Confidence,36.2,38.3,157.091,157.099,157.119,156.944,157.296,36.2,38.3,-2.0999999999999943,-5.483028720626618,0,4,2,5,2024,0.007999999999981355,0.020000000000010232,0.027999999999991587
2024-05-29 13:59:00,USD,Richmond Manufacturing Index,0,-7,157.646,157.634,157.634,156.749,157.218,0.0,-7.0,7.0,100.0,1,13,2,5,2024,-0.012000000000000455,0.0,-0.012000000000000455
2024-05-30 14:00:00,USD,Pending Home Sales m/m,-7.7%,3.6%,156.717,156.752,156.773,157.21,156.186,-7.7,3.6,-11.3,-313.88888888888886,1,14,3,5,2024,0.03499999999999659,0.020999999999986585,0.055999999999983174
2024-05-30 14:30:00,USD,Natural Gas Storage,84B,78B,156.803,156.791,156.795,157.18,156.212,84000000000.0,78000000000.0,6000000000.0,7.6923076923076925,1,14,3,5,2024,-0.012000000000000455,0.003999999999990678,-0.008000000000009777
2024-05-30 15:00:00,USD,Crude Oil Inventories,-4.2M,1.8M,156.814,156.83,156.833,157.269,156.222,-4200000.0,1800000.0,-6000000.0,-333.33333333333337,1,15,3,5,2024,0.016000000000019554,0.002999999999985903,0.019000000000005457
2024-05-30 23:30:00,JPY,Tokyo Core CPI y/y,1.9%,1.6%,156.752,156.81,156.776,156.776,157.241,1.9,1.6,0.2999999999999998,18.74999999999999,0,23,3,5,2024,0.057999999999992724,-0.033999999999991815,0.02400000000000091
2024-05-30 23:50:00,JPY,Prelim Industrial Production m/m,-0.1%,4.4%,156.833,156.834,156.807,156.807,157.33,-0.1,4.4,-4.5,-102.27272727272727,0,23,3,5,2024,0.0010000000000047748,-0.027000000000015234,-0.02600000000001046
2024-05-31 05:00:00,JPY,Housing Starts y/y,13.9%,-12.8%,157.262,157.344,157.311,157.311,157.059,13.9,-12.8,26.700000000000003,208.59375,0,5,4,5,2024,0.08199999999999363,-0.03299999999998704,0.049000000000006594
2024-05-31 13:45:00,USD,Chicago PMI,35.4,37.9,157.201,157.211,157.201,157.201,156.1,35.4,37.9,-2.5,-6.596306068601583,1,13,4,5,2024,0.010000000000019327,-0.010000000000019327,0.0
2024-06-02 23:50:00,JPY,Capital Spending q/y,6.8%,16.4%,157.251,157.33,157.424,156.371,155.427,6.8,16.4,-9.599999999999998,-58.536585365853654,0,23,6,6,2024,0.07900000000000773,0.09399999999999409,0.17300000000000182
2024-06-03 00:30:00,JPY,Final Manufacturing PMI,50.4,50.5,157.402,157.4,157.424,156.32,155.534,50.4,50.5,-0.10000000000000142,-0.19801980198020083,0,0,0,6,2024,-0.001999999999981128,0.02400000000000091,0.02200000000001978
2024-06-03 13:45:00,USD,Final Manufacturing PMI,51.3,50.9,156.102,156.1,156.128,154.57,156.11,51.3,50.9,0.3999999999999986,0.7858546168958714,1,13,0,6,2024,-0.0020000000000095497,0.027999999999991587,0.025999999999982037
2024-06-03 14:00:00,USD,ISM Manufacturing PMI,48.7,49.2,156.152,156.186,156.242,154.595,156.101,48.7,49.2,-0.5,-1.0162601626016259,1,14,0,6,2024,0.034000000000020236,0.055999999999983174,0.09000000000000341
2024-06-03 23:50:00,JPY,Monetary Base y/y,0.9%,2.1%,156.374,156.371,156.374,155.427,155.573,0.9,2.1,-1.2000000000000002,-57.14285714285715,0,23,0,6,2024,-0.002999999999985903,0.002999999999985903,0.0
2024-06-04 03:35:00,JPY,10-y Bond Auction,1.05|3.7,0.86|3.2,155.718,155.683,155.672,155.979,156.169,,,,,0,3,1,6,2024,-0.03499999999999659,-0.01099999999999568,-0.04599999999999227
2024-06-04 14:00:00,USD,JOLTS Job Openings,8.06M,8.36M,154.59,154.595,154.624,156.101,155.764,8060000.000000001,8359999.999999999,-299999.99999999814,-3.588516746411461,1,14,1,6,2024,0.0049999999999954525,0.028999999999996362,0.033999999999991815
2024-06-04 14:02:00,USD,RCM/TIPP Economic Optimism,40.5,41.8,154.616,154.621,154.618,156.099,155.737,40.5,41.8,-1.2999999999999972,-3.1100478468899455,1,14,1,6,2024,0.0049999999999954525,-0.0030000000000143245,0.001999999999981128
2024-06-04 23:30:00,JPY,Average Cash Earnings y/y,2.1%,1.0%,155.415,155.403,155.417,155.552,155.786,2.1,1.0,1.1,110.00000000000001,0,23,1,6,2024,-0.012000000000000455,0.014000000000010004,0.0020000000000095497
2024-06-05 12:15:00,USD,ADP Non-Farm Employment Change,152K,188K,156.212,156.188,156.195,156.009,156.596,152000.0,188000.0,-36000.0,-19.148936170212767,1,12,2,6,2024,-0.02400000000000091,0.007000000000005002,-0.016999999999995907
2024-06-05 14:00:00,USD,ISM Services PMI,53.8,49.4,156.1,156.101,156.101,155.764,156.576,53.8,49.4,4.399999999999999,8.906882591093115,1,14,2,6,2024,0.0010000000000047748,0.0,0.0010000000000047748
2024-06-06 03:35:00,JPY,30-y Bond Auction,2.16|3.6,1.99|3.2,156.158,156.169,156.171,155.202,156.969,,,,,0,3,3,6,2024,0.011000000000024102,0.001999999999981128,0.01300000000000523
2024-06-06 11:30:00,USD,Challenger Job Cuts y/y,-20.3%,-3.3%,156.053,155.977,156.043,156.588,156.955,-20.3,-3.3,-17.0,-515.1515151515151,1,11,3,6,2024,-0.0759999999999934,0.0660000000000025,-0.009999999999990905
2024-06-06 14:30:00,USD,Natural Gas Storage,98B,84B,155.736,155.71,155.662,156.646,156.997,98000000000.0,84000000000.0,14000000000.0,16.666666666666664,1,14,3,6,2024,-0.025999999999982037,-0.04800000000000182,-0.07399999999998386
2024-06-06 23:30:00,JPY,Household Spending y/y,0.5%,-1.2%,155.799,155.786,155.785,155.785,157.139,0.5,-1.2,1.7,141.66666666666669,0,23,3,6,2024,-0.01300000000000523,-0.0010000000000047748,-0.014000000000010004
2024-06-07 05:00:00,JPY,Leading Indicators,111.6%,112.2%,155.348,155.354,155.38,155.38,156.959,111.6,112.2,-0.6000000000000085,-0.5347593582887776,0,5,4,6,2024,0.006000000000000227,0.025999999999982037,0.031999999999982265
2024-06-07 14:00:00,USD,Final Wholesale Inventories m/m,0.1%,0.2%,156.599,156.576,156.576,156.576,157.004,0.1,0.2,-0.1,-50.0,1,14,4,6,2024,-0.022999999999996135,0.0,-0.022999999999996135
2024-06-07 19:00:00,USD,Consumer Credit m/m,6.4B,-1.1B,0.0,0.0,0.0,0.0,156.885,6400000000.0,-1100000000.0,7500000000.0,681.8181818181819,1,19,4,6,2024,0.0,0.0,0.0
2024-06-09 23:50:00,JPY,Bank Lending y/y,3.0%,3.1%,157.161,157.188,157.153,157.23,157.182,3.0,3.1,-0.10000000000000009,-3.2258064516129057,0,23,6,6,2024,0.026999999999986812,-0.03499999999999659,-0.008000000000009777
2024-06-10 05:00:00,JPY,Economy Watchers Sentiment,45.7,47.4,156.915,156.959,156.882,157.165,157.312,45.7,47.4,-1.6999999999999957,-3.5864978902953495,0,5,0,6,2024,0.04400000000001114,-0.07699999999999818,-0.03299999999998704
2024-06-10 23:50:00,JPY,M2 Money Stock y/y,1.9%,2.2%,157.236,157.23,157.227,157.182,157.044,1.9,2.2,-0.30000000000000027,-13.636363636363647,0,23,0,6,2024,-0.006000000000000227,-0.002999999999985903,-0.00899999999998613
2024-06-11 05:58:00,JPY,Prelim Machine Tool Orders y/y,4.2%,-8.9%,157.216,157.243,157.216,157.32,157.183,4.2,-8.9,13.100000000000001,147.19101123595507,0,5,1,6,2024,0.026999999999986812,-0.026999999999986812,0.0
2024-06-11 10:00:00,USD,NFIB Small Business Index,90.5,89.7,157.141,157.128,157.155,155.839,157.153,90.5,89.7,0.7999999999999972,0.8918617614269757,1,10,1,6,2024,-0.01300000000000523,0.027000000000015234,0.014000000000010004
2024-06-11 17:01:00,USD,10-y Bond Auction,4.44|2.7,4.48|2.5,157.12,157.027,157.093,156.668,0.0,,,,,1,17,1,6,2024,-0.09300000000001774,0.0660000000000025,-0.027000000000015234
2024-06-11 23:50:00,JPY,PPI y/y,2.4%,1.1%,157.192,157.182,157.183,157.044,157.818,2.4,1.1,1.2999999999999998,118.18181818181816,0,23,1,6,2024,-0.010000000000019327,0.0010000000000047748,-0.009000000000014552
2024-06-12 12:30:00,USD,Core CPI m/m,0.2%,0.3%,155.776,155.765,155.754,156.755,157.31,0.2,0.3,-0.09999999999999998,-33.33333333333333,1,12,2,6,2024,-0.011000000000024102,-0.01099999999999568,-0.02200000000001978
2024-06-12 14:30:00,USD,Crude Oil Inventories,3.7M,1.2M,156.272,156.164,156.394,156.935,157.306,3700000.0,1200000.0,2500000.0,208.33333333333334,1,14,2,6,2024,-0.10800000000000409,0.2300000000000182,0.1220000000000141
2024-06-12 18:00:00,USD,Federal Funds Rate,5.50%,5.50%,156.602,156.65,156.607,157.022,157.376,5.5,5.5,0.0,0.0,1,18,2,6,2024,0.04800000000000182,-0.043000000000006366,0.0049999999999954525
2024-06-12 23:50:00,JPY,BSI Manufacturing Index,-1.0,-6.7,157.008,157.044,157.006,157.818,157.386,-1.0,-6.7,5.7,85.07462686567165,0,23,2,6,2024,0.036000000000001364,-0.038000000000010914,-0.0020000000000095497
2024-06-13 12:30:00,USD,Core PPI m/m,0.0%,0.5%,156.756,156.755,156.813,157.31,157.746,0.0,0.5,-0.5,-100.0,1,12,3,6,2024,-0.0010000000000047748,0.057999999999992724,0.05699999999998795
2024-06-13 14:30:00,USD,Natural Gas Storage,74B,98B,156.929,156.935,156.918,157.306,157.733,74000000000.0,98000000000.0,-24000000000.0,-24.489795918367346,1,14,3,6,2024,0.006000000000000227,-0.016999999999995907,-0.01099999999999568
2024-06-13 17:01:00,USD,30-y Bond Auction,4.40|2.5,4.64|2.4,157.035,0.0,156.968,156.968,157.708,,,,,1,17,3,6,2024,-157.035,156.968,-0.06700000000000728
2024-06-14 03:23:00,JPY,BOJ Policy Rate,<0.10%,<0.10%,157.929,157.959,158.0,158.0,157.458,,,,,0,3,4,6,2024,0.030000000000001137,0.04099999999999682,0.07099999999999795
2024-06-14 04:29:00,JPY,Revised Industrial Production m/m,-0.9%,-0.1%,157.607,157.63,157.685,157.685,157.638,-0.9,-0.1,-0.8,-800.0,0,4,4,6,2024,0.022999999999996135,0.05500000000000682,0.07800000000000296
2024-06-14 04:30:00,JPY,Tertiary Industry Activity m/m,1.9%,-2.3%,157.627,157.652,157.661,157.661,157.685,1.9,-2.3,4.199999999999999,182.6086956521739,0,4,4,6,2024,0.024999999999977263,0.009000000000014552,0.033999999999991815
2024-06-14 14:00:00,USD,Prelim UoM Consumer Sentiment,65.6,69.1,157.323,157.304,157.316,157.316,157.747,65.6,69.1,-3.5,-5.065123010130247,1,14,4,6,2024,-0.019000000000005457,0.012000000000000455,-0.007000000000005002
2024-06-16 23:50:00,JPY,Core Machinery Orders m/m,-2.9%,2.9%,157.449,157.386,157.344,157.618,157.857,-2.9,2.9,-5.8,-200.0,0,23,6,6,2024,-0.0630000000000166,-0.04200000000000159,-0.10500000000001819
2024-06-18 12:30:00,USD,Core Retail Sales m/m,-0.1%,-0.1%,157.744,157.752,157.754,157.895,158.787,-0.1,-0.1,0.0,0.0,1,12,1,6,2024,0.008000000000009777,0.001999999999981128,0.009999999999990905
2024-06-18 13:15:00,USD,Industrial Production m/m,0.9%,0.0%,157.773,157.768,157.766,157.922,158.886,0.9,0.0,0.9,,1,13,1,6,2024,-0.0049999999999954525,-0.0020000000000095497,-0.007000000000005002
2024-06-18 14:00:00,USD,Business Inventories m/m,0.3%,-0.1%,157.858,157.862,157.827,157.942,158.885,0.3,-0.1,0.4,400.0,1,14,1,6,2024,0.003999999999990678,-0.03499999999999659,-0.03100000000000591
2024-06-18 20:00:00,USD,TIC Long-Term Purchases,123.1B,102.6B,157.825,157.884,157.863,157.968,158.959,123100000000.0,102600000000.0,20500000000.0,19.980506822612085,1,20,1,6,2024,0.0589999999999975,-0.020999999999986585,0.038000000000010914
2024-06-19 14:00:00,USD,NAHB Housing Market Index,43,45,157.952,157.942,157.941,158.885,159.576,43.0,45.0,-2.0,-4.444444444444445,1,14,2,6,2024,-0.009999999999990905,-0.0010000000000047748,-0.01099999999999568
2024-06-20 15:00:00,USD,Crude Oil Inventories,-2.5M,3.7M,158.795,158.815,158.854,159.542,159.693,-2500000.0,3700000.0,-6200000.0,-167.56756756756758,1,15,3,6,2024,0.020000000000010232,0.03900000000001569,0.05900000000002592
2024-06-20 23:30:00,JPY,National Core CPI y/y,2.5%,2.2%,158.933,158.93,158.932,158.932,159.659,2.5,2.2,0.2999999999999998,13.636363636363628,0,23,3,6,2024,-0.002999999999985903,0.001999999999981128,-0.0010000000000047748
2024-06-21 00:30:00,JPY,Flash Manufacturing PMI,50.1,50.4,158.893,158.895,158.893,158.893,159.739,50.1,50.4,-0.29999999999999716,-0.5952380952380897,0,0,4,6,2024,0.0020000000000095497,-0.0020000000000095497,0.0
2024-06-21 13:45:00,USD,Flash Manufacturing PMI,51.7,51.3,159.536,159.549,159.581,159.581,159.705,51.7,51.3,0.4000000000000057,0.7797270955165804,1,13,4,6,2024,0.01300000000000523,0.031999999999982265,0.044999999999987494
2024-06-21 14:00:00,USD,Existing Home Sales,4.11M,4.14M,159.588,159.576,159.538,159.538,159.705,4110000.0000000005,4139999.9999999995,-29999.99999999907,-0.7246376811593979,1,14,4,6,2024,-0.012000000000000455,-0.03799999999998249,-0.04999999999998295
2024-06-21 14:30:00,USD,Natural Gas Storage,71B,74B,159.586,159.593,159.591,159.591,159.654,71000000000.0,74000000000.0,-3000000000.0,-4.054054054054054,1,14,4,6,2024,0.0069999999999765805,-0.001999999999981128,0.0049999999999954525
2024-06-24 23:50:00,JPY,SPPI y/y,2.5%,2.7%,159.45,159.453,159.462,159.821,160.428,2.5,2.7,-0.20000000000000018,-7.407407407407414,0,23,0,6,2024,0.0030000000000143245,0.00899999999998613,0.012000000000000455
2024-06-25 05:00:00,JPY,BOJ Core CPI y/y,2.1%,1.8%,159.457,159.485,159.481,159.957,160.561,2.1,1.8,0.30000000000000004,16.666666666666668,0,5,1,6,2024,0.02800000000002001,-0.004000000000019099,0.02400000000000091
2024-06-25 13:00:00,USD,S&P/CS Composite-20 HPI y/y,7.2%,7.5%,159.724,159.739,159.693,160.643,160.701,7.2,7.5,-0.2999999999999998,-3.9999999999999973,1,13,1,6,2024,0.01500000000001478,-0.04599999999999227,-0.03099999999997749
2024-06-25 13:59:00,USD,Richmond Manufacturing Index,-10,0,159.69,159.73,159.705,160.634,160.725,-10.0,0.0,-10.0,,1,13,1,6,2024,0.03999999999999204,-0.024999999999977263,0.01500000000001478
2024-06-25 14:00:00,USD,CB Consumer Confidence,100.4,101.3,159.69,159.723,159.708,160.647,160.724,100.4,101.3,-0.8999999999999915,-0.8884501480750163,1,14,1,6,2024,0.03300000000001546,-0.01500000000001478,0.018000000000000682
2024-06-26 14:00:00,USD,New Home Sales,619K,698K,160.671,160.647,160.658,160.724,160.8,619000.0,698000.0,-79000.0,-11.318051575931232,1,14,2,6,2024,-0.02400000000000091,0.01099999999999568,-0.01300000000000523
2024-06-26 14:30:00,USD,Crude Oil Inventories,3.6M,-2.5M,160.723,160.726,160.722,160.763,160.713,3600000.0,-2500000.0,6100000.0,244.0,1,14,2,6,2024,0.002999999999985903,-0.003999999999990678,-0.0010000000000047748
2024-06-26 23:50:00,JPY,Retail Sales y/y,3.0%,2.0%,160.413,160.428,160.426,160.946,161.026,3.0,2.0,1.0,50.0,0,23,2,6,2024,0.014999999999986358,-0.0020000000000095497,0.012999999999976808
2024-06-27 12:30:00,USD,Final GDP q/q,1.4%,1.3%,160.7,160.712,160.713,160.829,161.479,1.4,1.3,0.09999999999999987,7.692307692307682,1,12,3,6,2024,0.012000000000000455,0.0010000000000047748,0.01300000000000523
2024-06-27 14:00:00,USD,Pending Home Sales m/m,-2.1%,-7.7%,160.71,160.724,160.716,160.8,161.494,-2.1,-7.7,5.6,72.72727272727272,1,14,3,6,2024,0.013999999999981583,-0.007999999999981355,0.006000000000000227
2024-06-27 14:30:00,USD,Natural Gas Storage,52B,71B,160.754,160.763,160.751,160.713,161.535,52000000000.0,71000000000.0,-19000000000.0,-26.76056338028169,1,14,3,6,2024,0.009000000000014552,-0.012000000000000455,-0.002999999999985903
2024-06-27 23:30:00,JPY,Tokyo Core CPI y/y,2.1%,1.9%,160.923,160.973,160.982,160.982,161.022,2.1,1.9,0.20000000000000018,10.526315789473696,0,23,3,6,2024,0.05000000000001137,0.00899999999998613,0.0589999999999975
2024-06-27 23:50:00,JPY,Prelim Industrial Production m/m,2.8%,-0.9%,160.929,160.946,160.99,160.99,161.026,2.8,-0.9,3.6999999999999997,411.1111111111111,0,23,3,6,2024,0.016999999999995907,0.04400000000001114,0.06100000000000705
2024-06-28 05:00:00,JPY,Housing Starts y/y,-5.3%,13.9%,160.904,160.914,160.863,160.863,161.008,-5.3,13.9,-19.2,-138.1294964028777,0,5,4,6,2024,0.009999999999990905,-0.05099999999998772,-0.04099999999999682
2024-06-28 13:45:00,USD,Chicago PMI,47.4,35.4,160.899,160.843,160.833,160.833,161.46,47.4,35.4,12.0,33.898305084745765,1,13,4,6,2024,-0.056000000000011596,-0.009999999999990905,-0.0660000000000025
2024-06-28 14:00:00,USD,Revised UoM Consumer Sentiment,68.2,65.6,160.831,160.8,160.781,160.781,161.494,68.2,65.6,2.6000000000000085,3.9634146341463548,1,14,4,6,2024,-0.03099999999997749,-0.019000000000005457,-0.04999999999998295
2024-06-30 23:50:00,JPY,Tankan Manufacturing Index,13,11,161.064,161.026,161.026,161.662,161.643,13.0,11.0,2.0,18.181818181818183,0,23,6,6,2024,-0.03799999999998249,0.0,-0.03799999999998249
2024-07-01 00:30:00,JPY,Final Manufacturing PMI,50.0,50.1,161.039,161.036,161.053,161.636,161.647,50.0,50.1,-0.10000000000000142,-0.19960079840319644,0,0,0,7,2024,-0.002999999999985903,0.016999999999995907,0.014000000000010004
2024-07-01 05:00:00,JPY,Consumer Confidence,36.4,36.2,160.997,161.008,160.994,161.611,161.851,36.4,36.2,0.19999999999999574,0.552486187845292,0,5,0,7,2024,0.01099999999999568,-0.014000000000010004,-0.0030000000000143245
2024-07-01 13:45:00,USD,Final Manufacturing PMI,51.6,51.7,161.467,161.46,161.482,161.557,161.556,51.6,51.7,-0.10000000000000142,-0.19342359767891956,1,13,0,7,2024,-0.007000000000005002,0.02199999999999136,0.014999999999986358
2024-07-01 14:00:00,USD,ISM Manufacturing PMI,48.5,48.7,161.499,161.494,161.524,161.527,161.469,48.5,48.7,-0.20000000000000284,-0.410677618069821,1,14,0,7,2024,-0.0049999999999954525,0.030000000000001137,0.025000000000005684
2024-07-01 23:50:00,JPY,Monetary Base y/y,0.6%,0.9%,161.649,161.662,161.675,161.643,161.535,0.6,0.9,-0.30000000000000004,-33.333333333333336,0,23,0,7,2024,0.01300000000000523,0.01300000000000523,0.02600000000001046
2024-07-02 03:35:00,JPY,10-y Bond Auction,1.09|3.2,1.05|3.7,161.68,161.649,161.641,161.871,161.403,,,,,0,3,1,7,2024,-0.03100000000000591,-0.008000000000009777,-0.03900000000001569
2024-07-02 14:00:00,USD,JOLTS Job Openings,8.14M,7.92M,161.519,161.527,161.517,161.469,161.169,8140000.000000001,7920000.0,220000.00000000093,2.7777777777777892,1,14,1,7,2024,0.007999999999981355,-0.009999999999990905,-0.0020000000000095497
2024-07-02 14:40:00,USD,RCM/TIPP Economic Optimism,44.2,40.5,161.468,161.482,161.473,161.645,161.245,44.2,40.5,3.700000000000003,9.13580246913581,1,14,1,7,2024,0.014000000000010004,-0.00899999999998613,0.005000000000023874
2024-07-03 12:15:00,USD,ADP Non-Farm Employment Change,150K,157K,161.435,161.441,161.414,161.126,160.819,150000.0,157000.0,-7000.0,-4.45859872611465,1,12,2,7,2024,0.006000000000000227,-0.027000000000015234,-0.021000000000015007
2024-07-03 13:45:00,USD,Final Services PMI,55.3,55.1,161.534,161.556,161.55,161.125,160.821,55.3,55.1,0.19999999999999574,0.3629764065335676,1,13,2,7,2024,0.02200000000001978,-0.006000000000000227,0.016000000000019554
2024-07-03 14:00:00,USD,ISM Services PMI,48.8,53.8,161.535,161.469,161.532,161.169,160.836,48.8,53.8,-5.0,-9.29368029739777,1,14,2,7,2024,-0.0660000000000025,0.0630000000000166,-0.002999999999985903
2024-07-03 14:30:00,USD,Crude Oil Inventories,-12.2M,3.6M,161.643,161.638,161.628,161.244,160.745,-12200000.0,3600000.0,-15800000.0,-438.8888888888889,1,14,2,7,2024,-0.0049999999999954525,-0.010000000000019327,-0.01500000000001478
2024-07-03 16:00:00,USD,Natural Gas Storage,32B,52B,161.708,161.717,161.713,161.246,160.771,32000000000.0,52000000000.0,-20000000000.0,-38.46153846153847,1,16,2,7,2024,0.009000000000014552,-0.004000000000019099,0.0049999999999954525
2024-07-04 03:35:00,JPY,30-y Bond Auction,2.19|3.0,2.16|3.6,161.427,161.403,161.376,160.781,160.875,,,,,0,3,3,7,2024,-0.02400000000000091,-0.026999999999986812,-0.05099999999998772
2024-07-04 23:30:00,JPY,Household Spending y/y,-1.8%,0.5%,160.608,160.605,160.615,160.615,160.405,-1.8,0.5,-2.3,-459.99999999999994,0,23,3,7,2024,-0.0030000000000143245,0.010000000000019327,0.007000000000005002
2024-07-05 05:00:00,JPY,Leading Indicators,111.1%,110.9%,160.721,160.746,160.725,160.725,161.091,111.1,110.9,0.19999999999998863,0.18034265103695998,0,5,4,7,2024,0.025000000000005684,-0.021000000000015007,0.003999999999990678
2024-07-07 23:30:00,JPY,Average Cash Earnings y/y,1.9%,1.6%,160.407,160.405,160.415,161.03,161.475,1.9,1.6,0.2999999999999998,18.74999999999999,0,23,6,7,2024,-0.0020000000000095497,0.009999999999990905,0.007999999999981355
2024-07-07 23:50:00,JPY,Bank Lending y/y,3.2%,2.9%,160.529,160.527,160.46,161.092,161.427,3.2,2.9,0.30000000000000027,10.344827586206906,0,23,6,7,2024,-0.0020000000000095497,-0.06699999999997885,-0.0689999999999884
2024-07-08 05:00:00,JPY,Economy Watchers Sentiment,47.0,45.7,161.061,161.091,161.046,161.061,161.521,47.0,45.7,1.2999999999999972,2.844638949671766,0,5,0,7,2024,0.030000000000001137,-0.045000000000015916,-0.01500000000001478
2024-07-08 19:00:00,USD,Consumer Credit m/m,11.4B,6.5B,160.79,160.795,160.777,161.34,161.581,11400000000.0,6500000000.0,4900000000.0,75.38461538461539,1,19,0,7,2024,0.0049999999999954525,-0.018000000000000682,-0.01300000000000523
2024-07-08 23:50:00,JPY,M2 Money Stock y/y,1.5%,1.9%,161.039,161.092,161.078,161.427,161.671,1.5,1.9,-0.3999999999999999,-21.052631578947363,0,23,0,7,2024,0.05300000000002569,-0.014000000000010004,0.03900000000001569
2024-07-09 05:58:00,JPY,Prelim Machine Tool Orders y/y,9.7%,4.2%,161.005,161.032,161.016,161.574,161.547,9.7,4.2,5.499999999999999,130.95238095238093,0,5,1,7,2024,0.027000000000015234,-0.016000000000019554,0.01099999999999568
2024-07-09 10:00:00,USD,NFIB Small Business Index,91.5,90.5,161.003,161.024,161.259,161.613,158.548,91.5,90.5,1.0,1.1049723756906076,1,10,1,7,2024,0.021000000000015007,0.23499999999998522,0.2560000000000002
2024-07-09 23:50:00,JPY,PPI y/y,2.9%,2.6%,161.415,161.427,161.431,161.671,159.2,2.9,2.6,0.2999999999999998,11.538461538461531,0,23,1,7,2024,0.012000000000000455,0.004000000000019099,0.016000000000019554
2024-07-10 14:30:00,USD,Crude Oil Inventories,-3.4M,-12.2M,161.792,161.786,161.776,158.848,157.925,-3400000.0,-12200000.0,8800000.0,72.1311475409836,1,14,2,7,2024,-0.006000000000000227,-0.009999999999990905,-0.015999999999991132
2024-07-10 17:01:00,USD,10-y Bond Auction,4.28|2.6,4.44|2.7,161.721,161.603,161.608,161.608,158.079,,,,,1,17,2,7,2024,-0.117999999999995,0.0049999999999954525,-0.11299999999999955
2024-07-10 23:50:00,JPY,Core Machinery Orders m/m,-3.2%,-2.9%,161.667,161.671,161.662,159.2,157.979,-3.2,-2.9,-0.30000000000000027,-10.344827586206906,0,23,2,7,2024,0.003999999999990678,-0.00899999999998613,-0.0049999999999954525
2024-07-11 12:30:00,USD,Core CPI m/m,0.1%,0.2%,158.544,158.575,158.541,157.968,157.918,0.1,0.2,-0.1,-50.0,1,12,3,7,2024,0.03099999999997749,-0.033999999999991815,-0.0030000000000143245
2024-07-11 14:30:00,USD,Natural Gas Storage,65B,32B,158.846,158.848,158.826,157.925,157.863,65000000000.0,32000000000.0,33000000000.0,103.125,1,14,3,7,2024,0.0020000000000095497,-0.02200000000001978,-0.020000000000010232
2024-07-11 17:01:00,USD,30-y Bond Auction,4.41|2.3,4.40|2.5,158.902,0.0,158.85,158.85,158.079,,,,,1,17,3,7,2024,-158.902,158.85,-0.0519999999999925
2024-07-11 18:00:00,USD,Federal Budget Balance,-66.0B,-347.1B,158.924,158.942,159.129,159.129,158.205,-66000000000.0,-347100000000.0,281100000000.0,80.98530682800346,1,18,3,7,2024,0.018000000000000682,0.1869999999999834,0.20499999999998408
2024-07-12 04:30:00,JPY,Revised Industrial Production m/m,3.6%,2.8%,159.151,159.162,159.138,159.138,157.816,3.6,2.8,0.8000000000000003,28.57142857142858,0,4,4,7,2024,0.01099999999999568,-0.02400000000000091,-0.01300000000000523
2024-07-12 14:00:00,USD,Prelim UoM Consumer Sentiment,66.0,68.2,157.972,157.972,157.937,157.937,157.908,66.0,68.2,-2.200000000000003,-3.2258064516129075,1,14,4,7,2024,0.0,-0.03499999999999659,-0.03499999999999659
2024-07-16 04:30:00,JPY,Tertiary Industry Activity m/m,-0.4%,2.2%,158.572,158.578,158.567,156.74,156.346,-0.4,2.2,-2.6,-118.18181818181816,0,4,1,7,2024,0.006000000000000227,-0.01099999999999568,-0.0049999999999954525
2024-07-16 14:00:00,USD,Business Inventories m/m,0.5%,0.3%,158.458,158.473,158.452,156.46,157.178,0.5,0.3,0.2,66.66666666666667,1,14,1,7,2024,0.01500000000001478,-0.021000000000015007,-0.006000000000000227
2024-07-17 13:15:00,USD,Industrial Production m/m,0.6%,0.9%,156.309,156.25,156.237,157.168,157.402,0.6,0.9,-0.30000000000000004,-33.333333333333336,1,13,2,7,2024,-0.0589999999999975,-0.01300000000000523,-0.07200000000000273
2024-07-17 14:30:00,USD,Crude Oil Inventories,-4.9M,-3.4M,156.201,156.18,156.214,157.218,157.45,-4900000.0,-3400000.0,-1500000.0,-44.11764705882353,1,14,2,7,2024,-0.020999999999986585,0.033999999999991815,0.01300000000000523
2024-07-17 23:50:00,JPY,Trade Balance,-0.82T,-0.64T,156.474,156.534,156.459,157.378,157.465,,,,,0,23,2,7,2024,0.060000000000002274,-0.07499999999998863,-0.014999999999986358
2024-07-18 12:30:00,USD,Unemployment Claims,243K,223K,156.901,156.959,156.949,157.354,157.081,243000.0,223000.0,20000.0,8.968609865470851,1,12,3,7,2024,0.057999999999992724,-0.009999999999990905,0.04800000000000182
2024-07-18 14:00:00,USD,CB Leading Index m/m,-0.2%,-0.4%,157.189,157.178,157.187,157.42,157.139,-0.2,-0.4,0.2,50.0,1,14,3,7,2024,-0.01099999999999568,0.009000000000014552,-0.001999999999981128
2024-07-18 14:30:00,USD,Natural Gas Storage,10B,65B,157.192,157.218,157.234,157.45,157.098,10000000000.0,65000000000.0,-55000000000.0,-84.61538461538461,1,14,3,7,2024,0.025999999999982037,0.016000000000019554,0.04200000000000159
2024-07-18 20:00:00,USD,TIC Long-Term Purchases,-54.6B,123.3B,157.122,157.172,157.124,157.124,157.397,-54600000000.0,123300000000.0,-177900000000.0,-144.28223844282238,1,20,3,7,2024,0.04999999999998295,-0.04800000000000182,0.001999999999981128
2024-07-18 23:30:00,JPY,National Core CPI y/y,2.6%,2.5%,157.393,157.389,157.364,157.364,157.553,2.6,2.5,0.10000000000000009,4.0000000000000036,0,23,3,7,2024,-0.003999999999990678,-0.025000000000005684,-0.028999999999996362
2024-07-23 05:00:00,JPY,BOJ Core CPI y/y,2.1%,2.1%,155.953,156.048,156.047,154.835,152.657,2.1,2.1,0.0,0.0,0,5,1,7,2024,0.09499999999999886,-0.0010000000000047748,0.09399999999999409
2024-07-23 13:59:00,USD,Richmond Manufacturing Index,-17,-10,155.65,155.69,155.712,153.825,154.033,-17.0,-10.0,-7.0,-70.0,1,13,1,7,2024,0.03999999999999204,0.02199999999999136,0.0619999999999834
2024-07-24 00:30:00,JPY,Flash Manufacturing PMI,49.2,50.0,154.882,154.809,154.813,152.492,153.734,49.2,50.0,-0.7999999999999972,-1.5999999999999945,0,0,2,7,2024,-0.0730000000000075,0.003999999999990678,-0.06900000000001683
2024-07-24 14:00:00,USD,New Home Sales,617K,621K,153.811,153.82,153.857,154.033,153.74,617000.0,621000.0,-4000.0,-0.644122383252818,1,14,2,7,2024,0.00899999999998613,0.03700000000000614,0.04599999999999227
2024-07-24 23:50:00,JPY,SPPI y/y,3.0%,2.7%,152.385,152.426,152.428,153.825,153.662,3.0,2.7,0.2999999999999998,11.111111111111104,0,23,2,7,2024,0.04099999999999682,0.0020000000000095497,0.043000000000006366
2024-07-25 12:30:00,USD,Advance GDP q/q,2.8%,1.4%,154.175,154.185,154.241,153.82,153.965,2.8,1.4,1.4,100.0,1,12,3,7,2024,0.009999999999990905,0.056000000000011596,0.0660000000000025
2024-07-25 14:30:00,USD,Natural Gas Storage,22B,10B,153.911,153.906,153.882,153.773,154.022,22000000000.0,10000000000.0,12000000000.0,120.0,1,14,3,7,2024,-0.0049999999999954525,-0.02400000000000091,-0.028999999999996362
2024-07-25 23:30:00,JPY,Tokyo Core CPI y/y,2.2%,2.1%,153.801,153.849,153.813,153.813,153.559,2.2,2.1,0.10000000000000009,4.761904761904765,0,23,3,7,2024,0.04800000000000182,-0.036000000000001364,0.012000000000000455
2024-07-26 12:30:00,USD,Core PCE Price Index m/m,0.2%,0.1%,153.81,153.82,153.778,153.778,153.965,0.2,0.1,0.1,100.0,1,12,4,7,2024,0.009999999999990905,-0.04200000000000159,-0.03200000000001069
2024-07-26 14:00:00,USD,Revised UoM Consumer Sentiment,66.4,66.0,153.705,153.74,153.751,153.751,153.985,66.4,66.0,0.4000000000000057,0.6060606060606146,1,14,4,7,2024,0.03499999999999659,0.01099999999999568,0.04599999999999227
2024-07-29 23:30:00,JPY,Unemployment Rate,2.5%,2.6%,154.059,154.102,154.123,152.751,149.597,2.5,2.6,-0.10000000000000009,-3.8461538461538494,0,23,0,7,2024,0.043000000000006366,0.020999999999986585,0.06399999999999295
2024-07-30 13:00:00,USD,S&P/CS Composite-20 HPI y/y,6.8%,7.3%,153.257,153.163,153.317,150.569,149.932,6.8,7.3,-0.5,-6.8493150684931505,1,13,1,7,2024,-0.09399999999999409,0.15399999999999636,0.060000000000002274
2024-07-30 14:00:00,USD,CB Consumer Confidence,100.3,97.8,153.186,153.213,153.286,151.182,149.704,100.3,97.8,2.5,2.556237218813906,1,14,1,7,2024,0.026999999999986812,0.0730000000000075,0.09999999999999432
2024-07-30 23:50:00,JPY,Prelim Industrial Production m/m,-3.6%,3.6%,152.269,152.391,152.608,149.482,149.462,-3.6,3.6,-7.2,-200.0,0,23,1,7,2024,0.12199999999998568,0.21700000000001296,0.33899999999999864
2024-07-31 04:59:00,JPY,Consumer Confidence,36.7,36.4,150.731,150.922,150.75,149.69,149.071,36.7,36.4,0.30000000000000426,0.824175824175836,0,4,2,7,2024,0.1910000000000025,-0.17199999999999704,0.019000000000005457
2024-07-31 05:00:00,JPY,Housing Starts y/y,-6.7%,-5.3%,150.792,150.856,150.849,149.611,149.056,-6.7,-5.3,-1.4000000000000004,-26.415094339622648,0,5,2,7,2024,0.06399999999999295,-0.007000000000005002,0.05699999999998795
2024-07-31 12:15:00,USD,ADP Non-Farm Employment Change,122K,155K,150.489,150.512,150.571,150.063,147.043,122000.0,155000.0,-33000.0,-21.29032258064516,1,12,2,7,2024,0.022999999999996135,0.0589999999999975,0.08199999999999363
2024-07-31 13:45:00,USD,Chicago PMI,45.3,47.4,150.8,150.849,150.87,149.707,146.821,45.3,47.4,-2.1000000000000014,-4.430379746835446,1,13,2,7,2024,0.04899999999997817,0.021000000000015007,0.06999999999999318
2024-07-31 14:00:00,USD,Pending Home Sales m/m,4.8%,-1.9%,150.894,151.182,151.124,149.704,146.806,4.8,-1.9,6.699999999999999,352.6315789473684,1,14,2,7,2024,0.2879999999999825,-0.057999999999992724,0.22999999999998977
2024-07-31 14:30:00,USD,Crude Oil Inventories,-3.4M,-3.7M,150.918,150.848,150.662,149.636,146.773,-3400000.0,-3700000.0,300000.0,8.108108108108109,1,14,2,7,2024,-0.06999999999999318,-0.18600000000000705,-0.2560000000000002
2024-07-31 18:00:00,USD,Federal Funds Rate,5.50%,5.50%,149.891,149.928,149.933,149.273,146.364,5.5,5.5,0.0,0.0,1,18,2,7,2024,0.03700000000000614,0.0049999999999954525,0.04200000000000159
2024-08-01 00:30:00,JPY,Final Manufacturing PMI,49.1,49.2,149.471,149.405,149.416,149.404,142.95,49.1,49.2,-0.10000000000000142,-0.20325203252032809,0,0,3,8,2024,-0.0660000000000025,0.01099999999999568,-0.05500000000000682
2024-08-01 12:30:00,USD,Unemployment Claims,249K,235K,149.828,149.839,149.746,147.054,0.0,249000.0,235000.0,14000.0,5.957446808510639,1,12,3,8,2024,0.01099999999999568,-0.09299999999998931,-0.08199999999999363
2024-08-01 13:45:00,USD,Final Manufacturing PMI,49.6,49.5,149.668,149.707,149.673,146.821,0.0,49.6,49.5,0.10000000000000142,0.20202020202020488,1,13,3,8,2024,0.03899999999998727,-0.033999999999991815,0.0049999999999954525
2024-08-01 14:00:00,USD,ISM Manufacturing PMI,46.8,48.5,149.793,149.704,149.724,146.806,143.979,46.8,48.5,-1.7000000000000028,-3.5051546391752635,1,14,3,8,2024,-0.08899999999999864,0.01999999999998181,-0.06900000000001683
2024-08-01 14:30:00,USD,Natural Gas Storage,18B,22B,149.649,149.636,149.632,146.773,144.027,18000000000.0,22000000000.0,-4000000000.0,-18.181818181818183,1,14,3,8,2024,-0.01300000000000523,-0.003999999999990678,-0.016999999999995907
2024-08-01 23:50:00,JPY,Monetary Base y/y,1.0%,0.6%,149.46,149.462,149.451,149.451,144.654,1.0,0.6,0.4,66.66666666666667,0,23,3,8,2024,0.001999999999981128,-0.01099999999999568,-0.009000000000014552
2024-08-02 12:30:00,USD,Average Hourly Earnings m/m,0.2%,0.3%,147.034,147.054,147.033,147.033,145.251,0.2,0.3,-0.09999999999999998,-33.33333333333333,1,12,4,8,2024,0.020000000000010232,-0.021000000000015007,-0.0010000000000047748
2024-08-02 14:00:00,USD,Factory Orders m/m,-3.3%,-0.5%,146.841,146.806,146.855,146.855,143.979,-3.3,-0.5,-2.8,-560.0,1,14,4,8,2024,-0.03499999999999659,0.04899999999997817,0.013999999999981583
2024-08-05 13:45:00,USD,Final Services PMI,55.0,56.0,0.0,0.0,0.0,145.232,147.231,55.0,56.0,-1.0,-1.7857142857142856,1,13,0,8,2024,0.0,0.0,0.0
2024-08-05 14:00:00,USD,ISM Services PMI,51.4,48.8,0.0,143.979,144.1,145.311,146.992,51.4,48.8,2.6000000000000014,5.327868852459019,1,14,0,8,2024,143.979,0.1209999999999809,144.1
2024-08-05 23:30:00,JPY,Average Cash Earnings y/y,4.5%,2.0%,145.511,145.737,145.756,147.047,146.539,4.5,2.0,2.5,125.0,0,23,0,8,2024,0.2259999999999991,0.019000000000005457,0.24500000000000455
2024-08-06 03:35:00,JPY,10-y Bond Auction,0.93|3.0,1.09|3.2,145.858,145.647,145.604,146.404,145.796,,,,,0,3,1,8,2024,-0.21100000000001273,-0.042999999999977945,-0.2539999999999907
2024-08-06 14:05:00,USD,RCM/TIPP Economic Optimism,44.5,44.2,145.311,145.217,145.182,146.905,147.377,44.5,44.2,0.29999999999999716,0.6787330316742016,1,14,1,8,2024,-0.09399999999999409,-0.03500000000002501,-0.1290000000000191
2024-08-07 05:00:00,JPY,Leading Indicators,108.6%,111.2%,147.09,147.152,147.169,146.212,147.244,108.6,111.2,-2.6000000000000085,-2.3381294964028854,0,5,2,8,2024,0.0619999999999834,0.01700000000002433,0.07900000000000773
2024-08-07 14:30:00,USD,Crude Oil Inventories,-3.7M,-3.4M,146.911,146.968,146.933,147.322,146.677,-3700000.0,-3400000.0,-300000.0,-8.823529411764707,1,14,2,8,2024,0.05699999999998795,-0.03499999999999659,0.02199999999999136
2024-08-07 17:01:00,USD,10-y Bond Auction,3.96|2.3,4.28|2.6,146.75,0.0,146.644,146.644,0.0,,,,,1,17,2,8,2024,-146.75,146.644,-0.10599999999999454
2024-08-07 19:00:00,USD,Consumer Credit m/m,8.9B,13.9B,146.543,146.512,146.509,147.25,146.975,8900000000.0,13900000000.0,-5000000000.0,-35.97122302158273,1,19,2,8,2024,-0.03100000000000591,-0.0030000000000143245,-0.034000000000020236
2024-08-07 23:50:00,JPY,Bank Lending y/y,3.2%,3.2%,146.635,146.711,146.498,147.219,147.146,3.2,3.2,0.0,0.0,0,23,2,8,2024,0.07600000000002183,-0.21300000000002228,-0.13700000000000045
2024-08-08 03:35:00,JPY,30-y Bond Auction,2.23|3.5,2.19|3.0,145.825,145.796,145.838,147.19,147.286,,,,,0,3,3,8,2024,-0.028999999999996362,0.04200000000000159,0.01300000000000523
2024-08-08 05:00:00,JPY,Economy Watchers Sentiment,47.5,47.0,146.126,146.212,146.19,147.244,147.332,47.5,47.0,0.5,1.0638297872340425,0,5,3,8,2024,0.08599999999998431,-0.02199999999999136,0.06399999999999295
2024-08-08 12:30:00,USD,Unemployment Claims,233K,250K,147.223,147.195,147.156,146.589,147.347,233000.0,250000.0,-17000.0,-6.800000000000001,1,12,3,8,2024,-0.02800000000002001,-0.03899999999998727,-0.06700000000000728
2024-08-08 14:00:00,USD,Final Wholesale Inventories m/m,0.2%,0.2%,147.346,147.32,147.377,146.704,147.191,0.2,0.2,0.0,0.0,1,14,3,8,2024,-0.02600000000001046,0.05700000000001637,0.03100000000000591
2024-08-08 14:30:00,USD,Natural Gas Storage,21B,18B,147.387,147.322,147.267,146.677,147.14,21000000000.0,18000000000.0,3000000000.0,16.666666666666664,1,14,3,8,2024,-0.06499999999999773,-0.05500000000000682,-0.12000000000000455
2024-08-08 17:01:00,USD,30-y Bond Auction,4.31|2.3,4.41|2.3,147.259,0.0,147.145,147.145,147.144,,,,,1,17,3,8,2024,-147.259,147.145,-0.1139999999999759
2024-08-08 23:50:00,JPY,M2 Money Stock y/y,1.4%,1.5%,147.151,147.219,147.178,147.178,147.146,1.4,1.5,-0.10000000000000009,-6.666666666666672,0,23,3,8,2024,0.06799999999998363,-0.04099999999999682,0.026999999999986812
2024-08-12 13:56:00,USD,Cleveland Fed Inflation Expectations,3.4%,3.8%,147.122,147.183,147.171,146.892,147.239,3.4,3.8,-0.3999999999999999,-10.526315789473681,1,13,0,8,2024,0.06099999999997863,-0.012000000000000455,0.04899999999997817
2024-08-12 18:00:00,USD,Federal Budget Balance,-243.7B,-66.0B,147.185,147.181,147.216,146.835,147.247,-243700000000.0,-66000000000.0,-177700000000.0,-269.24242424242425,1,18,0,8,2024,-0.003999999999990678,0.03499999999999659,0.03100000000000591
2024-08-12 23:50:00,JPY,PPI y/y,3.0%,2.9%,147.449,147.433,147.477,146.893,147.367,3.0,2.9,0.10000000000000009,3.448275862068969,0,23,0,8,2024,-0.016000000000019554,0.04400000000001114,0.027999999999991587
2024-08-13 05:58:00,JPY,Prelim Machine Tool Orders y/y,8.4%,9.7%,147.833,147.906,147.875,147.097,147.384,8.4,9.7,-1.299999999999999,-13.402061855670095,0,5,1,8,2024,0.0730000000000075,-0.03100000000000591,0.04200000000000159
2024-08-13 09:55:00,USD,NFIB Small Business Index,93.7,91.5,147.162,147.062,147.082,147.017,149.101,93.7,91.5,2.200000000000003,2.4043715846994567,1,9,1,8,2024,-0.09999999999999432,0.01999999999998181,-0.0800000000000125
2024-08-13 12:30:00,USD,Core PPI m/m,0.0%,0.3%,146.916,146.924,146.876,146.876,148.937,0.0,0.3,-0.3,-100.0,1,12,1,8,2024,0.008000000000009777,-0.04800000000000182,-0.03999999999999204
2024-08-14 12:30:00,USD,Core CPI m/m,0.2%,0.1%,146.827,146.876,146.859,148.937,148.07,0.2,0.1,0.1,100.0,1,12,2,8,2024,0.049000000000006594,-0.016999999999995907,0.03200000000001069
2024-08-14 14:30:00,USD,Crude Oil Inventories,1.4M,-3.7M,147.198,147.245,147.217,149.005,147.743,1400000.0,-3700000.0,5100000.0,137.83783783783784,1,14,2,8,2024,0.046999999999997044,-0.027999999999991587,0.019000000000005457
2024-08-14 23:50:00,JPY,Prelim GDP Price Index y/y,3.0%,3.4%,147.352,147.367,147.407,148.926,146.45,3.0,3.4,-0.3999999999999999,-11.764705882352938,0,23,2,8,2024,0.014999999999986358,0.040000000000020464,0.05500000000000682
2024-08-15 04:30:00,JPY,Revised Industrial Production m/m,-4.2%,-3.6%,147.297,147.373,147.31,148.745,146.173,-4.2,-3.6,-0.6000000000000001,-16.666666666666668,0,4,3,8,2024,0.0759999999999934,-0.06299999999998818,0.01300000000000523
2024-08-15 13:15:00,USD,Capacity Utilization Rate,77.8%,78.4%,148.985,149.009,149.022,147.853,146.506,77.8,78.4,-0.6000000000000085,-0.7653061224489904,1,13,3,8,2024,0.023999999999972488,0.01300000000000523,0.03699999999997772
2024-08-15 14:00:00,USD,Business Inventories m/m,0.3%,0.5%,149.1,149.059,149.029,147.72,146.537,0.3,0.5,-0.2,-40.0,1,14,3,8,2024,-0.04099999999999682,-0.030000000000001137,-0.07099999999999795
2024-08-15 14:23:00,USD,Mortgage Delinquencies,3.97%,3.94%,149.028,149.013,148.991,147.792,146.496,3.97,3.94,0.03000000000000025,0.7614213197969607,1,14,3,8,2024,-0.014999999999986358,-0.02199999999999136,-0.03699999999997772
2024-08-15 20:00:00,USD,TIC Long-Term Purchases,96.1B,-54.1B,149.203,149.229,149.122,149.122,147.934,96100000000.0,-54100000000.0,150200000000.0,277.63401109057304,1,20,3,8,2024,0.02600000000001046,-0.10699999999999932,-0.08099999999998886
2024-08-16 04:30:00,JPY,Tertiary Industry Activity m/m,-1.3%,0.6%,148.797,148.745,148.698,148.698,146.173,-1.3,0.6,-1.9,-316.66666666666663,0,4,4,8,2024,-0.0519999999999925,-0.046999999999997044,-0.09899999999998954
2024-08-16 14:00:00,USD,Prelim UoM Consumer Sentiment,67.8,66.4,147.725,147.72,147.753,147.753,146.537,67.8,66.4,1.3999999999999915,2.108433734939746,1,14,4,8,2024,-0.0049999999999954525,0.03299999999998704,0.027999999999991587
2024-08-18 23:50:00,JPY,Core Machinery Orders m/m,2.1%,-3.2%,146.489,146.45,146.333,147.01,145.46,2.1,-3.2,5.300000000000001,165.62500000000003,0,23,6,8,2024,-0.03900000000001569,-0.11699999999999022,-0.1560000000000059
2024-08-19 14:00:00,USD,CB Leading Index m/m,-0.6%,-0.2%,146.541,146.537,146.513,145.49,144.881,-0.6,-0.2,-0.39999999999999997,-199.99999999999997,1,14,0,8,2024,-0.003999999999990678,-0.02400000000000091,-0.027999999999991587
2024-08-20 23:50:00,JPY,Trade Balance,-0.76T,-0.82T,145.541,145.46,145.478,145.259,145.691,,,,,0,23,1,8,2024,-0.08099999999998886,0.018000000000000682,-0.06299999999998818
2024-08-21 14:00:00,USD,Prelim Benchmark Payrolls Revision,-818K,-306K,145.023,144.881,144.715,146.268,144.442,-818000.0,-306000.0,-512000.0,-167.3202614379085,1,14,2,8,2024,-0.1419999999999959,-0.16599999999999682,-0.3079999999999927
2024-08-21 14:30:00,USD,Crude Oil Inventories,-4.6M,1.4M,144.511,144.542,144.681,146.252,144.185,-4600000.0,1400000.0,-6000000.0,-428.57142857142856,1,14,2,8,2024,0.03100000000000591,0.13900000000001,0.17000000000001592
2024-08-22 00:30:00,JPY,Flash Manufacturing PMI,49.5,49.1,145.081,145.035,145.036,145.835,143.854,49.5,49.1,0.3999999999999986,0.8146639511201601,0,0,3,8,2024,-0.04599999999999227,0.0010000000000047748,-0.044999999999987494
2024-08-22 12:30:00,USD,Unemployment Claims,232K,228K,146.188,146.213,146.294,144.84,144.531,232000.0,228000.0,4000.0,1.7543859649122806,1,12,3,8,2024,0.025000000000005684,0.08100000000001728,0.10600000000002296
2024-08-22 13:45:00,USD,Flash Manufacturing PMI,48.0,49.6,146.397,146.388,146.383,144.5,144.521,48.0,49.6,-1.6000000000000014,-3.2258064516129057,1,13,3,8,2024,-0.00899999999998613,-0.0049999999999954525,-0.013999999999981583
2024-08-22 14:30:00,USD,Natural Gas Storage,35B,-6B,146.28,146.252,146.284,144.185,144.564,35000000000.0,-6000000000.0,41000000000.0,683.3333333333333,1,14,3,8,2024,-0.027999999999991587,0.031999999999982265,0.003999999999990678
2024-08-22 23:30:00,JPY,National Core CPI y/y,2.7%,2.6%,145.557,145.572,145.627,145.627,143.939,2.7,2.6,0.10000000000000009,3.8461538461538494,0,23,3,8,2024,0.01500000000001478,0.05500000000000682,0.0700000000000216
2024-08-26 12:30:00,USD,Core Durable Goods Orders m/m,-0.2%,0.4%,144.509,144.531,144.55,144.137,144.616,-0.2,0.4,-0.6000000000000001,-150.00000000000003,1,12,0,8,2024,0.02200000000001978,0.019000000000005457,0.04100000000002524
2024-08-26 23:50:00,JPY,SPPI y/y,2.8%,3.1%,144.897,144.924,144.861,144.39,144.564,2.8,3.1,-0.30000000000000027,-9.677419354838717,0,23,0,8,2024,0.027000000000015234,-0.0630000000000166,-0.036000000000001364
2024-08-27 05:00:00,JPY,BOJ Core CPI y/y,1.8%,2.1%,145.03,145.068,144.955,144.325,144.711,1.8,2.1,-0.30000000000000004,-14.285714285714288,0,5,1,8,2024,0.038000000000010914,-0.11299999999999955,-0.07499999999998863
2024-08-27 13:00:00,USD,S&P/CS Composite-20 HPI y/y,6.5%,6.9%,144.15,144.144,144.109,144.733,144.985,6.5,6.9,-0.40000000000000036,-5.797101449275368,1,13,1,8,2024,-0.006000000000000227,-0.03499999999999659,-0.04099999999999682
2024-08-27 13:59:00,USD,Richmond Manufacturing Index,-19,-17,144.139,144.149,144.078,144.63,144.854,-19.0,-17.0,-2.0,-11.76470588235294,1,13,1,8,2024,0.009999999999990905,-0.07099999999999795,-0.06100000000000705
2024-08-28 14:30:00,USD,Crude Oil Inventories,-0.8M,-4.6M,144.609,144.651,144.642,144.804,146.128,-800000.0,-4600000.0,3800000.0,82.6086956521739,1,14,2,8,2024,0.04200000000000159,-0.009000000000014552,0.03299999999998704
2024-08-29 05:00:00,JPY,Consumer Confidence,36.7,36.7,144.716,144.711,144.664,145.105,146.712,36.7,36.7,0.0,0.0,0,5,3,8,2024,-0.0049999999999954525,-0.047000000000025466,-0.05200000000002092
2024-08-29 14:00:00,USD,Pending Home Sales m/m,-5.5%,4.8%,144.883,144.81,144.836,146.137,146.883,-5.5,4.8,-10.3,-214.58333333333334,1,14,3,8,2024,-0.0730000000000075,0.02600000000001046,-0.046999999999997044
2024-08-29 14:30:00,USD,Natural Gas Storage,35B,35B,144.876,144.804,144.799,146.128,146.882,35000000000.0,35000000000.0,0.0,0.0,1,14,3,8,2024,-0.07200000000000273,-0.0049999999999954525,-0.07699999999999818
2024-08-29 23:30:00,JPY,Tokyo Core CPI y/y,2.4%,2.2%,144.774,144.757,144.763,144.763,145.865,2.4,2.2,0.19999999999999973,9.09090909090908,0,23,3,8,2024,-0.016999999999995907,0.006000000000000227,-0.01099999999999568
2024-08-29 23:50:00,JPY,Prelim Industrial Production m/m,2.8%,-4.2%,144.761,144.767,144.771,144.771,145.959,2.8,-4.2,7.0,166.66666666666666,0,23,3,8,2024,0.006000000000000227,0.003999999999990678,0.009999999999990905
2024-08-30 05:00:00,JPY,Housing Starts y/y,-0.2%,-6.7%,145.04,145.105,145.07,145.07,146.712,-0.2,-6.7,6.5,97.01492537313433,0,5,4,8,2024,0.06499999999999773,-0.03499999999999659,0.030000000000001137
2024-08-30 13:45:00,USD,Chicago PMI,46.1,45.3,146.158,146.144,146.137,146.137,146.88,46.1,45.3,0.8000000000000043,1.766004415011047,1,13,4,8,2024,-0.013999999999981583,-0.007000000000005002,-0.020999999999986585
2024-08-30 14:00:00,USD,Revised UoM Consumer Sentiment,67.9,67.8,146.133,146.137,146.155,146.155,146.883,67.9,67.8,0.10000000000000853,0.14749262536874413,1,14,4,8,2024,0.003999999999990678,0.018000000000000682,0.02199999999999136
2024-09-01 23:50:00,JPY,Capital Spending q/y,7.4%,6.8%,145.889,145.959,145.975,146.477,145.4,7.4,6.8,0.6000000000000005,8.823529411764714,0,23,6,9,2024,0.06999999999999318,0.015999999999991132,0.08599999999998431
2024-09-02 00:30:00,JPY,Final Manufacturing PMI,49.8,49.5,145.84,145.857,145.901,146.462,145.498,49.8,49.5,0.29999999999999716,0.6060606060606003,0,0,0,9,2024,0.016999999999995907,0.04400000000001114,0.06100000000000705
2024-09-02 23:50:00,JPY,Monetary Base y/y,0.6%,1.0%,146.596,146.477,146.518,145.4,143.715,0.6,1.0,-0.4,-40.0,0,23,0,9,2024,-0.11899999999999977,0.04099999999999682,-0.07800000000000296
2024-09-03 03:35:00,JPY,10-y Bond Auction,0.92|3.2,0.93|3.0,146.207,146.123,146.112,144.859,143.637,,,,,0,3,1,9,2024,-0.08400000000000318,-0.01099999999999568,-0.09499999999999886
2024-09-03 13:45:00,USD,Final Manufacturing PMI,47.9,48.0,145.851,145.831,145.823,143.968,143.344,47.9,48.0,-0.10000000000000142,-0.20833333333333628,1,13,1,9,2024,-0.020000000000010232,-0.007999999999981355,-0.027999999999991587
2024-09-03 14:00:00,USD,ISM Manufacturing PMI,47.2,46.8,145.852,145.892,145.829,144.089,143.332,47.2,46.8,0.4000000000000057,0.854700854700867,1,14,1,9,2024,0.03999999999999204,-0.06299999999998818,-0.022999999999996135
2024-09-03 14:07:00,USD,RCM/TIPP Economic Optimism,46.1,44.5,145.885,145.829,145.81,144.015,143.274,46.1,44.5,1.6000000000000014,3.595505617977531,1,14,1,9,2024,-0.055999999999983174,-0.019000000000005457,-0.07499999999998863
2024-09-04 14:00:00,USD,JOLTS Job Openings,7.67M,7.91M,144.019,144.089,144.022,143.332,142.447,7670000.0,7910000.0,-240000.0,-3.034134007585335,1,14,2,9,2024,0.06999999999999318,-0.06700000000000728,0.002999999999985903
2024-09-04 23:30:00,JPY,Average Cash Earnings y/y,3.6%,4.5%,143.821,143.812,143.817,143.144,142.781,3.6,4.5,-0.8999999999999999,-20.0,0,23,2,9,2024,-0.00899999999998613,0.0049999999999954525,-0.003999999999990678
2024-09-05 03:35:00,JPY,30-y Bond Auction,2.04|3.4,2.23|3.5,143.571,143.637,143.61,142.309,143.205,,,,,0,3,3,9,2024,0.0660000000000025,-0.026999999999986812,0.03900000000001569
2024-09-05 11:30:00,USD,Challenger Job Cuts y/y,1.0%,9.2%,143.691,143.649,143.631,142.243,142.97,1.0,9.2,-8.2,-89.13043478260869,1,11,3,9,2024,-0.04200000000000159,-0.018000000000000682,-0.060000000000002274
2024-09-05 12:15:00,USD,ADP Non-Farm Employment Change,99K,111K,143.521,143.454,143.431,142.541,142.869,99000.0,111000.0,-12000.0,-10.81081081081081,1,12,3,9,2024,-0.06699999999997885,-0.022999999999996135,-0.08999999999997499
2024-09-05 13:45:00,USD,Final Services PMI,55.7,55.2,143.267,143.344,143.382,142.371,142.798,55.7,55.2,0.5,0.9057971014492754,1,13,3,9,2024,0.07699999999999818,0.038000000000010914,0.1150000000000091
2024-09-05 14:00:00,USD,ISM Services PMI,51.5,51.4,143.359,143.332,143.266,142.447,142.808,51.5,51.4,0.10000000000000142,0.19455252918288216,1,14,3,9,2024,-0.027000000000015234,-0.0660000000000025,-0.09300000000001774
2024-09-05 14:30:00,USD,Natural Gas Storage,13B,35B,143.257,143.287,143.285,142.256,142.843,13000000000.0,35000000000.0,-22000000000.0,-62.857142857142854,1,14,3,9,2024,0.030000000000001137,-0.0020000000000095497,0.027999999999991587
2024-09-05 15:00:00,USD,Crude Oil Inventories,-6.9M,-0.8M,143.449,143.417,143.414,142.382,142.815,-6900000.0,-800000.0,-6100000.0,-762.5,1,15,3,9,2024,-0.03200000000001069,-0.0030000000000143245,-0.03500000000002501
2024-09-05 23:30:00,JPY,Household Spending y/y,0.1%,-1.4%,143.157,143.144,143.103,143.103,142.781,0.1,-1.4,1.5,107.14285714285714,0,23,3,9,2024,-0.01300000000000523,-0.04099999999999682,-0.054000000000002046
2024-09-06 05:00:00,JPY,Leading Indicators,109.5%,109.0%,142.56,142.633,142.704,142.704,143.353,109.5,109.0,0.5,0.45871559633027525,0,5,4,9,2024,0.0730000000000075,0.07099999999999795,0.14400000000000546
2024-09-08 23:50:00,JPY,Bank Lending y/y,3.0%,3.2%,142.752,142.655,142.683,143.232,141.357,3.0,3.2,-0.20000000000000018,-6.250000000000005,0,23,6,9,2024,-0.09700000000000841,0.027999999999991587,-0.06900000000001683
2024-09-09 05:00:00,JPY,Economy Watchers Sentiment,49.0,47.5,143.406,143.353,143.333,143.43,141.498,49.0,47.5,1.5,3.1578947368421053,0,5,0,9,2024,-0.05299999999999727,-0.020000000000010232,-0.0730000000000075
2024-09-09 14:00:00,USD,Final Wholesale Inventories m/m,0.2%,0.3%,142.798,142.808,142.795,142.427,142.206,0.2,0.3,-0.09999999999999998,-33.33333333333333,1,14,0,9,2024,0.009999999999990905,-0.01300000000000523,-0.0030000000000143245
2024-09-09 19:00:00,USD,Consumer Credit m/m,25.5B,5.2B,143.011,143.098,143.066,142.446,142.45,25500000000.0,5200000000.0,20300000000.0,390.38461538461536,1,19,0,9,2024,0.08700000000001751,-0.03200000000001069,0.05500000000000682
2024-09-09 23:50:00,JPY,M2 Money Stock y/y,1.3%,1.5%,143.226,143.232,143.196,141.357,142.558,1.3,1.5,-0.19999999999999996,-13.33333333333333,0,23,0,9,2024,0.006000000000000227,-0.036000000000001364,-0.030000000000001137
2024-09-10 05:58:00,JPY,Prelim Machine Tool Orders y/y,-3.5%,8.4%,143.194,143.171,143.17,141.562,142.676,-3.5,8.4,-11.9,-141.66666666666669,0,5,1,9,2024,-0.022999999999996135,-0.0010000000000047748,-0.02400000000000091
2024-09-10 09:59:00,USD,NFIB Small Business Index,91.2,93.7,143.029,143.005,142.986,141.814,142.007,91.2,93.7,-2.5,-2.6680896478121663,1,9,1,9,2024,-0.02400000000000091,-0.019000000000005457,-0.043000000000006366
2024-09-11 12:30:00,USD,Core CPI m/m,0.3%,0.2%,141.96,141.978,141.905,142.553,140.775,0.3,0.2,0.09999999999999998,49.999999999999986,1,12,2,9,2024,0.018000000000000682,-0.0730000000000075,-0.05500000000000682
2024-09-11 14:30:00,USD,Crude Oil Inventories,0.8M,-6.9M,142.235,142.211,142.23,142.07,140.859,800000.0,-6900000.0,7700000.0,111.59420289855073,1,14,2,9,2024,-0.02400000000000091,0.018999999999977035,-0.005000000000023874
2024-09-11 17:01:00,USD,10-y Bond Auction,3.65|2.6,3.96|2.3,142.355,142.259,142.275,142.275,140.706,,,,,1,17,2,9,2024,-0.09600000000000364,0.016000000000019554,-0.07999999999998408
2024-09-11 23:50:00,JPY,BSI Manufacturing Index,4.5,-1.0,142.507,142.558,142.579,141.02,140.119,4.5,-1.0,5.5,550.0,0,23,2,9,2024,0.05099999999998772,0.021000000000015007,0.07200000000000273
2024-09-12 12:00:00,USD,Federal Budget Balance,-380.1B,-243.7B,142.29,142.239,142.344,140.729,140.767,-380100000000.0,-243700000000.0,-136400000000.0,-55.97045547804677,1,12,3,9,2024,-0.05099999999998772,0.10499999999998977,0.054000000000002046
2024-09-12 14:30:00,USD,Natural Gas Storage,40B,13B,142.091,142.07,142.07,140.859,140.67,40000000000.0,13000000000.0,27000000000.0,207.6923076923077,1,14,3,9,2024,-0.021000000000015007,0.0,-0.021000000000015007
2024-09-12 17:01:00,USD,30-y Bond Auction,4.02|2.4,4.31|2.3,141.81,0.0,141.794,141.794,140.706,,,,,1,17,3,9,2024,-141.81,141.794,-0.015999999999991132
2024-09-13 04:30:00,JPY,Revised Industrial Production m/m,3.1%,2.8%,140.783,140.821,140.718,140.718,139.787,3.1,2.8,0.30000000000000027,10.714285714285724,0,4,4,9,2024,0.038000000000010914,-0.10300000000000864,-0.06499999999999773
2024-09-13 14:00:00,USD,Prelim UoM Consumer Sentiment,69.0,67.9,140.925,140.911,140.877,140.877,140.692,69.0,67.9,1.0999999999999943,1.620029455080993,1,14,4,9,2024,-0.014000000000010004,-0.033999999999991815,-0.04800000000000182
2024-09-17 04:30:00,JPY,Tertiary Industry Activity m/m,1.4%,-1.2%,140.56,140.524,140.503,141.786,142.751,1.4,-1.2,2.5999999999999996,216.66666666666666,0,4,1,9,2024,-0.036000000000001364,-0.021000000000015007,-0.05700000000001637
2024-09-17 13:15:00,USD,Capacity Utilization Rate,78.0%,77.4%,141.902,141.805,141.851,141.892,143.014,78.0,77.4,0.5999999999999943,0.775193798449605,1,13,1,9,2024,-0.09699999999997999,0.04599999999999227,-0.05099999999998772
2024-09-17 14:00:00,USD,Business Inventories m/m,0.4%,0.3%,141.9,141.913,141.983,140.966,142.924,0.4,0.3,0.10000000000000003,33.33333333333335,1,14,1,9,2024,0.01300000000000523,0.06999999999999318,0.08299999999999841
2024-09-17 23:50:00,JPY,Core Machinery Orders m/m,-0.1%,2.1%,141.409,141.412,141.388,142.984,142.215,-0.1,2.1,-2.2,-104.76190476190477,0,23,1,9,2024,0.0030000000000143245,-0.02400000000000091,-0.020999999999986585
2024-09-18 14:30:00,USD,Crude Oil Inventories,-1.6M,0.8M,140.828,140.798,140.666,142.629,143.917,-1600000.0,800000.0,-2400000.0,-300.0,1,14,2,9,2024,-0.030000000000001137,-0.132000000000005,-0.16200000000000614
2024-09-18 18:00:00,USD,Federal Funds Rate,5.00%,5.50%,142.121,142.097,142.069,142.605,143.924,5.0,5.5,-0.5,-9.090909090909092,1,18,2,9,2024,-0.02400000000000091,-0.02800000000002001,-0.05200000000002092
2024-09-18 20:00:00,USD,TIC Long-Term Purchases,135.4B,80.5B,142.658,142.805,142.774,142.851,144.036,135400000000.0,80500000000.0,54900000000.0,68.19875776397517,1,20,2,9,2024,0.14700000000001978,-0.03100000000000591,0.11600000000001387
2024-09-19 12:30:00,USD,Unemployment Claims,219K,231K,142.929,142.916,143.032,143.809,143.467,219000.0,231000.0,-12000.0,-5.194805194805195,1,12,3,9,2024,-0.01300000000000523,0.11600000000001387,0.10300000000000864
2024-09-19 14:00:00,USD,Existing Home Sales,3.86M,3.96M,142.94,142.924,142.863,143.97,143.404,3860000.0,3960000.0,-100000.0,-2.525252525252525,1,14,3,9,2024,-0.015999999999991132,-0.06100000000000705,-0.07699999999999818
2024-09-19 14:30:00,USD,Natural Gas Storage,58B,40B,142.585,142.629,142.562,143.917,143.335,58000000000.0,40000000000.0,18000000000.0,45.0,1,14,3,9,2024,0.04399999999998272,-0.06699999999997885,-0.022999999999996135
2024-09-19 23:30:00,JPY,National Core CPI y/y,2.8%,2.7%,142.073,142.132,142.128,142.128,144.309,2.8,2.7,0.09999999999999964,3.7037037037036904,0,23,3,9,2024,0.0589999999999975,-0.004000000000019099,0.0549999999999784
2024-09-20 02:52:00,JPY,BOJ Policy Rate,<0.25%,<0.25%,142.415,142.82,142.912,142.912,144.006,,,,,0,2,4,9,2024,0.40500000000000114,0.09200000000001296,0.4970000000000141
2024-09-23 13:45:00,USD,Flash Manufacturing PMI,47.0,47.9,143.287,143.275,143.383,143.572,144.509,47.0,47.9,-0.8999999999999986,-1.8789144050104356,1,13,0,9,2024,-0.012000000000000455,0.10800000000000409,0.09600000000000364
2024-09-24 00:30:00,JPY,Flash Manufacturing PMI,49.6,49.8,143.875,143.883,143.806,143.34,144.838,49.6,49.8,-0.19999999999999574,-0.4016064257028027,0,0,1,9,2024,0.008000000000009777,-0.07699999999999818,-0.0689999999999884
2024-09-24 13:00:00,USD,S&P/CS Composite-20 HPI y/y,5.9%,6.5%,143.42,143.486,143.464,144.507,144.833,5.9,6.5,-0.5999999999999996,-9.230769230769226,1,13,1,9,2024,0.0660000000000025,-0.02199999999999136,0.04400000000001114
2024-09-24 13:59:00,USD,Richmond Manufacturing Index,-21,-19,143.523,143.475,143.443,144.551,144.716,-21.0,-19.0,-2.0,-10.526315789473683,1,13,1,9,2024,-0.04800000000000182,-0.031999999999982265,-0.07999999999998408
2024-09-24 14:00:00,USD,CB Consumer Confidence,98.7,105.6,143.505,143.453,143.423,144.542,144.721,98.7,105.6,-6.8999999999999915,-6.534090909090902,1,14,1,9,2024,-0.0519999999999925,-0.030000000000001137,-0.08199999999999363
2024-09-24 23:50:00,JPY,SPPI y/y,2.7%,2.7%,143.351,143.377,143.317,144.96,145.193,2.7,2.7,0.0,0.0,0,23,1,9,2024,0.02600000000001046,-0.060000000000002274,-0.033999999999991815
2024-09-25 04:59:00,JPY,BOJ Core CPI y/y,1.8%,1.8%,143.981,143.937,143.988,144.825,143.14,1.8,1.8,0.0,0.0,0,4,2,9,2024,-0.04399999999998272,0.05099999999998772,0.007000000000005002
2024-09-25 14:00:00,USD,New Home Sales,716K,751K,144.532,144.542,144.524,144.721,142.384,716000.0,751000.0,-35000.0,-4.660452729693742,1,14,2,9,2024,0.009999999999990905,-0.018000000000000682,-0.008000000000009777
2024-09-25 14:30:00,USD,Crude Oil Inventories,-4.5M,-1.6M,144.611,144.59,144.64,144.733,142.123,-4500000.0,-1600000.0,-2900000.0,-181.25,1,14,2,9,2024,-0.020999999999986585,0.04999999999998295,0.028999999999996362
2024-09-26 12:30:00,USD,Final GDP q/q,3.0%,3.0%,144.815,144.736,144.715,142.616,143.196,3.0,3.0,0.0,0.0,1,12,3,9,2024,-0.07900000000000773,-0.020999999999986585,-0.09999999999999432
2024-09-26 14:00:00,USD,Pending Home Sales m/m,0.6%,-5.5%,144.697,144.721,144.727,142.384,143.125,0.6,-5.5,6.1,110.9090909090909,1,14,3,9,2024,0.02400000000000091,0.006000000000000227,0.030000000000001137
2024-09-26 23:30:00,JPY,Tokyo Core CPI y/y,2.0%,2.4%,145.063,145.105,145.113,145.113,142.401,2.0,2.4,-0.3999999999999999,-16.666666666666664,0,23,3,9,2024,0.04200000000000159,0.008000000000009777,0.05000000000001137
2024-09-27 14:00:00,USD,Revised UoM Consumer Sentiment,70.1,69.0,142.336,142.384,142.408,142.408,143.125,70.1,69.0,1.0999999999999943,1.5942028985507162,1,14,4,9,2024,0.0479999999999734,0.02400000000000091,0.0719999999999743
2024-09-29 23:50:00,JPY,Prelim Industrial Production m/m,-3.3%,3.1%,142.397,142.423,142.45,144.255,144.156,-3.3,3.1,-6.4,-206.4516129032258,0,23,6,9,2024,0.02600000000001046,0.026999999999986812,0.05299999999999727
2024-09-30 05:00:00,JPY,Housing Starts y/y,-5.1%,-0.2%,142.556,142.511,142.494,143.788,144.307,-5.1,-0.2,-4.8999999999999995,-2449.9999999999995,0,5,0,9,2024,-0.045000000000015916,-0.016999999999995907,-0.06200000000001182
2024-09-30 13:45:00,USD,Chicago PMI,46.6,46.1,143.02,143.068,143.009,143.724,146.159,46.6,46.1,0.5,1.0845986984815619,1,13,0,9,2024,0.04800000000000182,-0.05900000000002592,-0.011000000000024102
2024-09-30 23:30:00,JPY,Unemployment Rate,2.5%,2.7%,144.149,144.188,144.196,143.974,146.916,2.5,2.7,-0.20000000000000018,-7.407407407407414,0,23,0,9,2024,0.03899999999998727,0.008000000000009777,0.046999999999997044
2024-10-01 00:30:00,JPY,Final Manufacturing PMI,49.7,49.6,144.373,144.382,144.364,143.868,146.829,49.7,49.6,0.10000000000000142,0.2016129032258093,0,0,1,10,2024,0.009000000000014552,-0.018000000000000682,-0.00899999999998613
2024-10-01 13:45:00,USD,Final Manufacturing PMI,47.3,47.0,143.624,143.724,143.794,146.159,146.635,47.3,47.0,0.29999999999999716,0.6382978723404196,1,13,1,10,2024,0.09999999999999432,0.0700000000000216,0.17000000000001592
2024-10-01 23:50:00,JPY,Monetary Base y/y,-0.1%,0.6%,144.122,144.156,144.145,146.799,146.42,-0.1,0.6,-0.7,-116.66666666666667,0,23,1,10,2024,0.033999999999991815,-0.01099999999999568,0.022999999999996135
2024-10-02 05:00:00,JPY,Consumer Confidence,36.9,36.7,144.295,144.307,144.361,146.795,146.372,36.9,36.7,0.19999999999999574,0.5449591280653835,0,5,2,10,2024,0.012000000000000455,0.054000000000002046,0.0660000000000025
2024-10-02 12:15:00,USD,ADP Non-Farm Employment Change,143K,103K,146.025,146.089,146.016,146.817,148.848,143000.0,103000.0,40000.0,38.83495145631068,1,12,2,10,2024,0.06399999999999295,-0.0730000000000075,-0.009000000000014552
2024-10-02 14:30:00,USD,Crude Oil Inventories,3.9M,-4.5M,146.292,146.266,146.257,146.743,148.808,3900000.0,-4500000.0,8400000.0,186.66666666666666,1,14,2,10,2024,-0.02600000000001046,-0.00899999999998613,-0.03499999999999659
2024-10-03 03:35:00,JPY,10-y Bond Auction,0.87|3.5,0.92|3.2,146.362,146.392,146.354,146.283,148.309,,,,,0,3,3,10,2024,0.030000000000001137,-0.03799999999998249,-0.007999999999981355
2024-10-03 11:30:00,USD,Challenger Job Cuts y/y,53.4%,1.0%,146.65,146.771,146.751,148.588,148.093,53.4,1.0,52.4,5240.0,1,11,3,10,2024,0.1209999999999809,-0.01999999999998181,0.10099999999999909
2024-10-03 12:30:00,USD,Unemployment Claims,225K,219K,146.828,146.877,146.877,148.929,148.169,225000.0,219000.0,6000.0,2.73972602739726,1,12,3,10,2024,0.049000000000006594,0.0,0.049000000000006594
2024-10-03 13:45:00,USD,Final Services PMI,55.2,55.4,146.634,146.635,146.648,148.803,147.949,55.2,55.4,-0.19999999999999574,-0.36101083032490205,1,13,3,10,2024,0.0010000000000047748,0.01300000000000523,0.014000000000010004
2024-10-03 14:00:00,USD,ISM Services PMI,54.9,51.5,146.683,146.672,146.736,148.793,148.029,54.9,51.5,3.3999999999999986,6.6019417475728135,1,14,3,10,2024,-0.01099999999999568,0.06399999999999295,0.05299999999999727
2024-10-03 14:30:00,USD,Natural Gas Storage,55B,47B,146.73,146.743,146.815,148.808,148.042,55000000000.0,47000000000.0,8000000000.0,17.02127659574468,1,14,3,10,2024,0.01300000000000523,0.07200000000000273,0.08500000000000796
2024-10-04 12:30:00,USD,Average Hourly Earnings m/m,0.4%,0.5%,148.929,148.929,148.959,148.959,148.169,0.4,0.5,-0.09999999999999998,-19.999999999999996,1,12,4,10,2024,0.0,0.030000000000001137,0.030000000000001137
2024-10-07 05:00:00,JPY,Leading Indicators,106.7%,109.3%,148.341,148.312,148.368,147.84,148.722,106.7,109.3,-2.5999999999999943,-2.37877401646843,0,5,0,10,2024,-0.028999999999996362,0.055999999999983174,0.026999999999986812
2024-10-07 19:00:00,USD,Consumer Credit m/m,8.9B,26.6B,147.954,147.78,147.836,148.221,149.208,8900000000.0,26600000000.0,-17700000000.0,-66.54135338345864,1,19,0,10,2024,-0.1740000000000066,0.056000000000011596,-0.117999999999995
2024-10-07 23:50:00,JPY,Current Account,3.02T,2.80T,147.93,147.907,147.831,148.307,149.211,,,,,0,23,0,10,2024,-0.022999999999996135,-0.07600000000002183,-0.09900000000001796
2024-10-08 03:35:00,JPY,30-y Bond Auction,2.15|3.3,2.04|3.4,147.676,147.804,147.568,148.468,149.141,,,,,0,3,1,10,2024,0.12800000000001432,-0.23599999999999,-0.10799999999997567
2024-10-08 05:00:00,JPY,Economy Watchers Sentiment,47.8,49.0,147.81,147.84,147.813,148.722,149.096,47.8,49.0,-1.2000000000000028,-2.4489795918367405,0,5,1,10,2024,0.030000000000001137,-0.027000000000015234,0.002999999999985903
2024-10-08 10:00:00,USD,NFIB Small Business Index,91.5,91.2,148.232,148.302,148.255,149.09,148.421,91.5,91.2,0.29999999999999716,0.3289473684210495,1,10,1,10,2024,0.06999999999999318,-0.046999999999997044,0.022999999999996135
2024-10-08 12:30:00,USD,Trade Balance,-70.4B,-78.9B,148.102,148.164,148.133,149.272,148.446,-70400000000.0,-78900000000.0,8500000000.0,10.773130544993663,1,12,1,10,2024,0.0619999999999834,-0.03099999999997749,0.03100000000000591
2024-10-08 14:00:00,USD,RCM/TIPP Economic Optimism,46.9,46.1,148.272,148.266,148.257,149.182,148.836,46.9,46.1,0.7999999999999972,1.7353579175704927,1,14,1,10,2024,-0.006000000000000227,-0.00899999999998613,-0.014999999999986358
2024-10-09 05:59:00,JPY,Prelim Machine Tool Orders y/y,-6.5%,-3.5%,148.621,148.617,148.663,148.881,148.94,-6.5,-3.5,-3.0,-85.71428571428571,0,5,2,10,2024,-0.004000000000019099,0.04600000000002069,0.04200000000000159
2024-10-09 14:00:00,USD,Final Wholesale Inventories m/m,0.1%,0.2%,149.231,149.182,149.25,148.836,149.055,0.1,0.2,-0.1,-50.0,1,14,2,10,2024,-0.049000000000006594,0.06800000000001205,0.019000000000005457
2024-10-09 14:30:00,USD,Crude Oil Inventories,5.8M,3.9M,149.217,149.237,149.26,148.746,149.07,5800000.0,3900000.0,1900000.0,48.717948717948715,1,14,2,10,2024,0.01999999999998181,0.022999999999996135,0.042999999999977945
2024-10-09 17:01:00,USD,10-y Bond Auction,4.07|2.5,3.65|2.6,149.321,0.0,149.218,148.514,0.0,,,,,1,17,2,10,2024,-149.321,149.218,-0.10300000000000864
2024-10-09 23:50:00,JPY,Bank Lending y/y,2.7%,3.0%,149.204,149.211,149.216,148.696,149.335,2.7,3.0,-0.2999999999999998,-9.999999999999993,0,23,2,10,2024,0.007000000000005002,0.0049999999999954525,0.012000000000000455
2024-10-10 12:30:00,USD,Core CPI m/m,0.3%,0.3%,148.479,148.446,148.524,149.043,149.87,0.3,0.3,0.0,0.0,1,12,3,10,2024,-0.03300000000001546,0.07800000000000296,0.044999999999987494
2024-10-10 17:01:00,USD,30-y Bond Auction,4.39|2.5,4.02|2.4,148.572,148.514,148.52,148.52,149.723,,,,,1,17,3,10,2024,-0.057999999999992724,0.006000000000000227,-0.0519999999999925
2024-10-10 23:50:00,JPY,M2 Money Stock y/y,1.3%,1.3%,148.675,148.696,148.712,148.712,149.335,1.3,1.3,0.0,0.0,0,23,3,10,2024,0.020999999999986585,0.015999999999991132,0.03699999999997772
2024-10-11 14:00:00,USD,Prelim UoM Consumer Sentiment,68.9,70.1,149.074,149.055,149.045,149.045,149.861,68.9,70.1,-1.1999999999999886,-1.7118402282453478,1,14,4,10,2024,-0.019000000000005457,-0.010000000000019327,-0.029000000000024784
2024-10-15 04:30:00,JPY,Revised Industrial Production m/m,-3.3%,-3.3%,149.09,149.131,149.166,149.374,149.767,-3.3,-3.3,0.0,0.0,0,4,1,10,2024,0.04099999999999682,0.03499999999999659,0.0759999999999934
2024-10-15 23:50:00,JPY,Core Machinery Orders m/m,-1.9%,-0.1%,149.171,149.184,149.162,149.534,149.908,-1.9,-0.1,-1.7999999999999998,-1799.9999999999995,0,23,1,10,2024,0.01300000000000523,-0.02199999999999136,-0.00899999999998613
2024-10-16 23:50:00,JPY,Trade Balance,-0.19T,-0.47T,149.528,149.534,149.553,149.908,149.206,,,,,0,23,2,10,2024,0.006000000000000227,0.019000000000005457,0.025000000000005684
2024-10-17 04:30:00,JPY,Tertiary Industry Activity m/m,-1.1%,2.2%,149.738,149.767,149.782,149.998,149.935,-1.1,2.2,-3.3000000000000003,-150.0,0,4,3,10,2024,0.028999999999996362,0.01500000000001478,0.04400000000001114
2024-10-17 13:15:00,USD,Capacity Utilization Rate,77.5%,77.8%,150.173,150.188,150.217,149.476,150.668,77.5,77.8,-0.29999999999999716,-0.3856041131105362,1,13,3,10,2024,0.014999999999986358,0.029000000000024784,0.04400000000001114
2024-10-17 14:00:00,USD,Business Inventories m/m,0.3%,0.3%,150.218,150.255,150.218,149.588,150.734,0.3,0.3,0.0,0.0,1,14,3,10,2024,0.03700000000000614,-0.03700000000000614,0.0
2024-10-17 14:30:00,USD,Natural Gas Storage,76B,82B,150.216,150.212,150.209,149.486,150.748,76000000000.0,82000000000.0,-6000000000.0,-7.317073170731707,1,14,3,10,2024,-0.004000000000019099,-0.002999999999985903,-0.007000000000005002
2024-10-17 15:00:00,USD,Crude Oil Inventories,-2.2M,5.8M,150.228,150.287,150.276,149.539,150.746,-2200000.0,5800000.0,-8000000.0,-137.93103448275863,1,15,3,10,2024,0.0589999999999975,-0.01099999999999568,0.04800000000000182
2024-10-17 20:00:00,USD,TIC Long-Term Purchases,111.4B,137.9B,150.074,150.105,150.032,150.032,149.599,111400000000.0,137900000000.0,-26500000000.0,-19.216823785351707,1,20,3,10,2024,0.03099999999997749,-0.07299999999997908,-0.04200000000000159
2024-10-17 23:30:00,JPY,National Core CPI y/y,2.4%,2.8%,149.929,149.908,149.933,149.933,149.131,2.4,2.8,-0.3999999999999999,-14.285714285714283,0,23,3,10,2024,-0.021000000000015007,0.025000000000005684,0.003999999999990678
2024-10-18 12:30:00,USD,Building Permits,1.43M,1.47M,149.55,149.503,149.51,149.51,150.504,1430000.0,1470000.0,-40000.0,-2.7210884353741496,1,12,4,10,2024,-0.047000000000025466,0.007000000000005002,-0.040000000000020464
2024-10-18 20:00:00,USD,Federal Budget Balance,64.3B,-380.1B,0.0,0.0,0.0,0.0,149.599,64300000000.0,-380100000000.0,444400000000.0,116.91660089450144,1,20,4,10,2024,0.0,0.0,0.0
2024-10-21 14:00:00,USD,CB Leading Index m/m,-0.5%,-0.3%,150.772,150.734,150.726,150.726,152.708,-0.5,-0.3,-0.2,-66.66666666666667,1,14,0,10,2024,-0.03799999999998249,-0.008000000000009777,-0.04599999999999227
2024-10-22 05:00:00,JPY,BOJ Core CPI y/y,1.7%,1.8%,151.013,151.008,150.927,152.415,152.023,1.7,1.8,-0.10000000000000009,-5.55555555555556,0,5,1,10,2024,-0.0049999999999954525,-0.08100000000001728,-0.08600000000001273
2024-10-22 13:59:00,USD,Richmond Manufacturing Index,-14,-21,0.0,0.0,0.0,152.771,151.623,-14.0,-21.0,7.0,33.33333333333333,1,13,1,10,2024,0.0,0.0,0.0
2024-10-24 00:30:00,JPY,Flash Manufacturing PMI,49.0,49.7,152.248,152.243,152.18,151.698,153.651,49.0,49.7,-0.7000000000000028,-1.4084507042253578,0,0,3,10,2024,-0.0049999999999954525,-0.06299999999998818,-0.06799999999998363
2024-10-24 12:30:00,USD,Unemployment Claims,227K,242K,151.698,151.713,151.694,152.202,153.233,227000.0,242000.0,-15000.0,-6.198347107438017,1,12,3,10,2024,0.014999999999986358,-0.019000000000005457,-0.004000000000019099
2024-10-24 13:45:00,USD,Flash Manufacturing PMI,47.8,47.3,151.596,151.623,151.602,152.111,153.296,47.8,47.3,0.5,1.0570824524312896,1,13,3,10,2024,0.026999999999986812,-0.020999999999986585,0.006000000000000227
2024-10-24 14:00:00,USD,New Home Sales,738K,709K,151.596,151.64,151.654,152.147,153.251,738000.0,709000.0,29000.0,4.090267983074753,1,14,3,10,2024,0.04399999999998272,0.014000000000010004,0.057999999999992724
2024-10-24 14:30:00,USD,Natural Gas Storage,80B,76B,151.738,151.771,151.782,152.264,153.215,80000000000.0,76000000000.0,4000000000.0,5.263157894736842,1,14,3,10,2024,0.03299999999998704,0.011000000000024102,0.04400000000001114
2024-10-24 23:30:00,JPY,Tokyo Core CPI y/y,1.8%,2.0%,151.879,151.88,151.882,151.882,153.495,1.8,2.0,-0.19999999999999996,-9.999999999999998,0,23,3,10,2024,0.0010000000000047748,0.0020000000000095497,0.0030000000000143245
2024-10-24 23:50:00,JPY,SPPI y/y,2.6%,2.8%,151.843,151.869,151.858,151.858,153.6,2.6,2.8,-0.19999999999999973,-7.142857142857134,0,23,3,10,2024,0.02600000000001046,-0.01099999999999568,0.01500000000001478
2024-10-25 14:00:00,USD,Revised UoM Consumer Sentiment,70.5,68.9,152.16,152.147,152.147,152.147,153.251,70.5,68.9,1.5999999999999943,2.322206095790993,1,14,4,10,2024,-0.01300000000000523,0.0,-0.01300000000000523
2024-10-28 23:30:00,JPY,Unemployment Rate,2.4%,2.5%,152.959,152.944,152.922,153.227,152.846,2.4,2.5,-0.10000000000000009,-4.0000000000000036,0,23,0,10,2024,-0.01500000000001478,-0.02199999999999136,-0.03700000000000614
2024-10-29 12:30:00,USD,Goods Trade Balance,-108.2B,-94.2B,153.422,153.432,153.44,153.24,152.925,-108200000000.0,-94200000000.0,-14000000000.0,-14.8619957537155,1,12,1,10,2024,0.009999999999990905,0.008000000000009777,0.018000000000000682
2024-10-29 13:00:00,USD,S&P/CS Composite-20 HPI y/y,5.2%,5.9%,153.451,153.425,153.458,153.229,152.906,5.2,5.9,-0.7000000000000002,-11.864406779661019,1,13,1,10,2024,-0.025999999999982037,0.03299999999998704,0.007000000000005002
2024-10-29 14:00:00,USD,CB Consumer Confidence,108.7,99.2,153.412,153.387,153.402,153.276,152.979,108.7,99.2,9.5,9.576612903225806,1,14,1,10,2024,-0.025000000000005684,0.014999999999986358,-0.010000000000019327
2024-10-30 05:00:00,JPY,Consumer Confidence,36.2,36.9,153.072,153.034,152.919,152.543,152.789,36.2,36.9,-0.6999999999999957,-1.8970189701896905,0,5,2,10,2024,-0.038000000000010914,-0.11499999999998067,-0.1529999999999916
2024-10-30 12:15:00,USD,ADP Non-Farm Employment Change,233K,159K,153.227,153.206,153.21,153.21,152.921,233000.0,159000.0,74000.0,46.540880503144656,1,12,2,10,2024,-0.021000000000015007,0.004000000000019099,-0.016999999999995907
2024-10-30 12:30:00,USD,Advance GDP q/q,2.8%,3.0%,153.207,153.24,153.217,153.217,152.925,2.8,3.0,-0.20000000000000018,-6.666666666666672,1,12,2,10,2024,0.03300000000001546,-0.022999999999996135,0.010000000000019327
2024-10-30 14:00:00,USD,Pending Home Sales m/m,7.4%,0.6%,153.222,153.276,153.328,153.328,152.979,7.4,0.6,6.800000000000001,1133.3333333333335,1,14,2,10,2024,0.054000000000002046,0.0519999999999925,0.10599999999999454
2024-10-30 14:30:00,USD,Crude Oil Inventories,-0.5M,5.5M,153.381,153.366,153.293,153.293,152.96,-500000.0,5500000.0,-6000000.0,-109.09090909090908,1,14,2,10,2024,-0.014999999999986358,-0.0730000000000075,-0.08799999999999386
2024-10-30 23:50:00,JPY,Prelim Industrial Production m/m,1.4%,-3.3%,152.888,152.882,152.886,152.485,151.819,1.4,-3.3,4.699999999999999,142.4242424242424,0,23,2,10,2024,-0.006000000000000227,0.003999999999990678,-0.0020000000000095497
2024-10-31 05:00:00,JPY,Housing Starts y/y,-0.6%,-5.1%,152.444,152.543,152.44,152.789,151.91,-0.6,-5.1,4.5,88.23529411764707,0,5,3,10,2024,0.09900000000001796,-0.10300000000000864,-0.003999999999990678
2024-10-31 11:30:00,USD,Challenger Job Cuts y/y,50.9%,53.4%,0.0,0.0,0.0,152.948,152.023,50.9,53.4,-2.5,-4.681647940074907,1,11,3,10,2024,0.0,0.0,0.0
2024-10-31 13:45:00,USD,Chicago PMI,41.6,46.6,0.0,0.0,0.0,152.905,152.116,41.6,46.6,-5.0,-10.72961373390558,1,13,3,10,2024,0.0,0.0,0.0
2024-10-31 14:30:00,USD,Natural Gas Storage,78B,80B,0.0,0.0,0.0,152.96,152.157,78000000000.0,80000000000.0,-2000000000.0,-2.5,1,14,3,10,2024,0.0,0.0,0.0
2024-11-01 12:30:00,USD,Average Hourly Earnings m/m,0.4%,0.3%,152.939,152.925,152.968,152.968,151.929,0.4,0.3,0.10000000000000003,33.33333333333335,1,12,4,11,2024,-0.013999999999981583,0.042999999999977945,0.028999999999996362
2024-11-01 13:45:00,USD,Final Manufacturing PMI,48.5,47.8,152.901,152.905,152.933,152.933,152.116,48.5,47.8,0.7000000000000028,1.4644351464435208,1,13,4,11,2024,0.003999999999990678,0.027999999999991587,0.031999999999982265
2024-11-01 14:00:00,USD,ISM Manufacturing PMI,46.5,47.2,152.94,152.979,153.005,153.005,152.09,46.5,47.2,-0.7000000000000028,-1.4830508474576332,1,14,4,11,2024,0.03900000000001569,0.025999999999982037,0.06499999999999773
2024-11-04 15:00:00,USD,Factory Orders m/m,-0.5%,-0.8%,152.133,152.16,152.138,151.471,154.432,-0.5,-0.8,0.30000000000000004,37.50000000000001,1,15,0,11,2024,0.026999999999986812,-0.02199999999999136,0.0049999999999954525
2024-11-04 23:50:00,JPY,Monetary Base y/y,-0.3%,-0.1%,152.439,152.475,152.475,153.66,154.109,-0.3,-0.1,-0.19999999999999998,-199.99999999999997,0,23,0,11,2024,0.036000000000001364,0.0,0.036000000000001364
2024-11-05 14:45:00,USD,Final Services PMI,55.0,55.3,151.516,151.461,151.419,154.405,153.275,55.0,55.3,-0.29999999999999716,-0.5424954792043348,1,14,1,11,2024,-0.0549999999999784,-0.04200000000000159,-0.09699999999997999
2024-11-05 15:00:00,USD,ISM Services PMI,56.0,54.9,151.367,151.471,151.449,154.432,153.107,56.0,54.9,1.1000000000000014,2.003642987249547,1,15,1,11,2024,0.10400000000001342,-0.02199999999999136,0.08200000000002206
2024-11-05 18:01:00,USD,10-y Bond Auction,4.35|2.6,4.07|2.5,151.563,151.652,151.688,154.463,152.962,,,,,1,18,1,11,2024,0.08899999999999864,0.036000000000001364,0.125
2024-11-06 15:30:00,USD,Crude Oil Inventories,2.1M,-0.5M,154.479,154.486,154.497,152.881,152.636,2100000.0,-500000.0,2600000.0,520.0,1,15,2,11,2024,0.0069999999999765805,0.011000000000024102,0.018000000000000682
2024-11-06 18:01:00,USD,30-y Bond Auction,4.61|2.6,4.39|2.5,154.532,154.463,154.387,152.962,152.721,,,,,1,18,2,11,2024,-0.06900000000001683,-0.0759999999999934,-0.14500000000001023
2024-11-06 23:30:00,JPY,Average Cash Earnings y/y,2.8%,2.8%,153.967,154.088,154.09,152.694,153.507,2.8,2.8,0.0,0.0,0,23,2,11,2024,0.1209999999999809,0.0020000000000095497,0.12299999999999045
2024-11-07 03:35:00,JPY,10-y Bond Auction,1.00|3.1,0.87|3.5,153.855,153.923,153.969,152.522,153.798,,,,,0,3,3,11,2024,0.06800000000001205,0.04599999999999227,0.11400000000000432
2024-11-07 13:30:00,USD,Unemployment Claims,221K,218K,152.921,152.943,152.911,152.688,153.792,221000.0,218000.0,3000.0,1.3761467889908259,1,13,3,11,2024,0.02200000000001978,-0.03200000000001069,-0.009999999999990905
2024-11-07 15:00:00,USD,Final Wholesale Inventories m/m,-0.2%,-0.1%,152.979,153.107,152.897,152.716,153.764,-0.2,-0.1,-0.1,-100.0,1,15,3,11,2024,0.1279999999999859,-0.21000000000000796,-0.08200000000002206
2024-11-07 15:30:00,USD,Natural Gas Storage,69B,78B,152.801,152.881,152.923,152.636,153.707,69000000000.0,78000000000.0,-9000000000.0,-11.538461538461538,1,15,3,11,2024,0.0800000000000125,0.04200000000000159,0.1220000000000141
2024-11-07 19:00:00,USD,Federal Funds Rate,4.75%,5.00%,153.165,153.156,153.127,153.127,152.978,4.75,5.0,-0.25,-5.0,1,19,3,11,2024,-0.00899999999998613,-0.028999999999996362,-0.03799999999998249
2024-11-07 20:00:00,USD,Consumer Credit m/m,6.0B,7.6B,153.09,153.093,153.054,153.054,153.134,6000000000.0,7600000000.0,-1600000000.0,-21.052631578947366,1,20,3,11,2024,0.002999999999985903,-0.03899999999998727,-0.036000000000001364
2024-11-07 23:30:00,JPY,Household Spending y/y,-1.1%,-1.9%,152.708,152.694,152.683,152.683,153.507,-1.1,-1.9,0.7999999999999998,42.105263157894726,0,23,3,11,2024,-0.014000000000010004,-0.01099999999999568,-0.025000000000005684
2024-11-08 05:00:00,JPY,Leading Indicators,109.4%,106.9%,152.321,152.295,152.232,152.232,153.623,109.4,106.9,2.5,2.3386342376052385,0,5,4,11,2024,-0.02600000000001046,-0.06299999999998818,-0.08899999999999864
2024-11-08 15:00:00,USD,Prelim UoM Consumer Sentiment,73.0,70.5,152.696,152.716,152.719,152.719,153.764,73.0,70.5,2.5,3.546099290780142,1,15,4,11,2024,0.020000000000010232,0.002999999999985903,0.022999999999996135
2024-11-10 23:50:00,JPY,Bank Lending y/y,2.7%,2.7%,153.592,153.517,153.56,153.589,154.878,2.7,2.7,0.0,0.0,0,23,6,11,2024,-0.07500000000001705,0.043000000000006366,-0.03200000000001069
2024-11-11 05:00:00,JPY,Economy Watchers Sentiment,47.5,47.8,153.618,153.623,153.592,154.092,154.931,47.5,47.8,-0.29999999999999716,-0.6276150627615004,0,5,0,11,2024,0.0049999999999954525,-0.03099999999997749,-0.025999999999982037
2024-11-11 23:50:00,JPY,M2 Money Stock y/y,1.2%,1.2%,153.557,153.589,153.531,154.878,156.082,1.2,1.2,0.0,0.0,0,23,0,11,2024,0.03200000000001069,-0.057999999999992724,-0.025999999999982037
2024-11-12 05:59:00,JPY,Prelim Machine Tool Orders y/y,9.3%,-6.4%,154.026,154.049,153.986,154.991,156.055,9.3,-6.4,15.700000000000001,245.3125,0,5,1,11,2024,0.022999999999996135,-0.0630000000000166,-0.040000000000020464
2024-11-12 10:55:00,USD,NFIB Small Business Index,93.7,91.5,154.495,154.493,154.529,154.957,155.965,93.7,91.5,2.200000000000003,2.4043715846994567,1,10,1,11,2024,-0.0020000000000095497,0.036000000000001364,0.033999999999991815
2024-11-12 14:45:00,USD,Cleveland Fed Inflation Expectations,3.8%,3.4%,154.736,154.697,154.689,155.449,155.993,3.8,3.4,0.3999999999999999,11.764705882352938,1,14,1,11,2024,-0.03899999999998727,-0.008000000000009777,-0.046999999999997044
2024-11-12 15:06:00,USD,RCM/TIPP Economic Optimism,53.2,46.9,154.746,154.747,154.759,155.54,156.285,53.2,46.9,6.300000000000004,13.43283582089553,1,15,1,11,2024,0.0010000000000047748,0.011999999999972033,0.012999999999976808
2024-11-12 23:50:00,JPY,PPI y/y,3.4%,3.1%,154.859,154.878,154.871,156.082,156.338,3.4,3.1,0.2999999999999998,9.677419354838705,0,23,1,11,2024,0.018999999999977035,-0.0069999999999765805,0.012000000000000455
2024-11-13 03:35:00,JPY,30-y Bond Auction,2.27|3.4,2.15|3.3,155.167,155.074,155.063,155.884,155.573,,,,,0,3,2,11,2024,-0.09299999999998931,-0.011000000000024102,-0.10400000000001342
2024-11-13 13:30:00,USD,Core CPI m/m,0.3%,0.3%,155.482,155.483,155.479,155.922,154.036,0.3,0.3,0.0,0.0,1,13,2,11,2024,0.0010000000000047748,-0.003999999999990678,-0.002999999999985903
2024-11-13 19:00:00,USD,Federal Budget Balance,-257.5B,64.3B,155.424,155.509,155.53,156.536,154.525,-257500000000.0,64300000000.0,-321800000000.0,-500.4665629860031,1,19,2,11,2024,0.08499999999997954,0.021000000000015007,0.10599999999999454
2024-11-14 13:30:00,USD,Core PPI m/m,0.3%,0.2%,155.896,155.922,155.928,154.036,154.686,0.3,0.2,0.09999999999999998,49.999999999999986,1,13,3,11,2024,0.02600000000001046,0.006000000000000227,0.03200000000001069
2024-11-14 15:30:00,USD,Natural Gas Storage,42B,69B,156.156,156.188,156.297,154.329,154.637,42000000000.0,69000000000.0,-27000000000.0,-39.130434782608695,1,15,3,11,2024,0.031999999999982265,0.10900000000000887,0.14099999999999113
2024-11-14 16:00:00,USD,Crude Oil Inventories,2.1M,2.1M,156.341,156.3,156.295,154.33,154.619,2100000.0,2100000.0,0.0,0.0,1,16,3,11,2024,-0.04099999999999682,-0.005000000000023874,-0.04600000000002069
2024-11-14 23:50:00,JPY,Prelim GDP Price Index y/y,2.5%,3.2%,156.342,156.338,156.325,156.325,154.542,2.5,3.2,-0.7000000000000002,-21.875000000000007,0,23,3,11,2024,-0.004000000000019099,-0.01300000000000523,-0.01700000000002433
2024-11-15 04:30:00,JPY,Revised Industrial Production m/m,1.6%,1.4%,155.718,155.63,155.554,155.554,154.601,1.6,1.4,0.20000000000000018,14.285714285714299,0,4,4,11,2024,-0.08799999999999386,-0.0759999999999934,-0.16399999999998727
2024-11-15 14:15:00,USD,Capacity Utilization Rate,77.1%,77.4%,154.102,154.155,154.113,154.113,154.587,77.1,77.4,-0.30000000000001137,-0.3875968992248209,1,14,4,11,2024,0.05299999999999727,-0.04200000000000159,0.01099999999999568
2024-11-15 15:00:00,USD,Business Inventories m/m,0.1%,0.3%,154.185,154.211,154.276,154.276,154.704,0.1,0.3,-0.19999999999999998,-66.66666666666666,1,15,4,11,2024,0.02600000000001046,0.06499999999999773,0.09100000000000819
2024-11-17 23:50:00,JPY,Core Machinery Orders m/m,-0.7%,-1.9%,154.561,154.542,154.564,154.399,155.045,-0.7,-1.9,1.2,63.1578947368421,0,23,6,11,2024,-0.019000000000005457,0.02199999999999136,0.002999999999985903
2024-11-18 21:00:00,USD,TIC Long-Term Purchases,216.1B,108.8B,154.088,154.087,154.04,154.791,155.032,216100000000.0,108800000000.0,107300000000.0,98.62132352941177,1,21,0,11,2024,-0.0010000000000047748,-0.046999999999997044,-0.04800000000000182
2024-11-19 23:50:00,JPY,Trade Balance,-0.36T,-0.27T,154.99,155.045,155.034,155.052,154.418,,,,,0,23,1,11,2024,0.0549999999999784,-0.01099999999999568,0.04399999999998272
2024-11-20 15:30:00,USD,Crude Oil Inventories,0.5M,2.1M,155.42,155.416,155.465,154.522,154.837,500000.0,2100000.0,-1600000.0,-76.19047619047619,1,15,2,11,2024,-0.003999999999990678,0.049000000000006594,0.045000000000015916
2024-11-21 15:30:00,USD,Natural Gas Storage,-3B,42B,154.556,154.522,154.488,154.837,154.131,-3000000000.0,42000000000.0,-45000000000.0,-107.14285714285714,1,15,3,11,2024,-0.034000000000020236,-0.033999999999991815,-0.06800000000001205
2024-11-21 23:30:00,JPY,National Core CPI y/y,2.3%,2.4%,154.3,154.311,154.393,154.393,154.115,2.3,2.4,-0.10000000000000009,-4.1666666666666705,0,23,3,11,2024,0.01099999999999568,0.08199999999999363,0.09299999999998931
2024-11-22 00:30:00,JPY,Flash Manufacturing PMI,49.0,49.2,154.561,154.572,154.538,154.538,154.248,49.0,49.2,-0.20000000000000284,-0.40650406504065617,0,0,4,11,2024,0.01099999999999568,-0.033999999999991815,-0.022999999999996135
2024-11-22 14:45:00,USD,Flash Manufacturing PMI,48.8,48.5,154.776,154.788,154.802,154.802,154.103,48.8,48.5,0.29999999999999716,0.618556701030922,1,14,4,11,2024,0.012000000000000455,0.013999999999981583,0.025999999999982037
2024-11-22 15:00:00,USD,Revised UoM Consumer Sentiment,71.8,73.0,154.777,154.796,154.803,154.803,154.16,71.8,73.0,-1.2000000000000028,-1.64383561643836,1,15,4,11,2024,0.019000000000005457,0.007000000000005002,0.02600000000001046
2024-11-25 23:50:00,JPY,SPPI y/y,2.9%,2.8%,153.823,153.823,153.83,152.316,151.628,2.9,2.8,0.10000000000000009,3.5714285714285747,0,23,0,11,2024,0.0,0.007000000000005002,0.007000000000005002
2024-11-26 05:00:00,JPY,BOJ Core CPI y/y,1.5%,1.7%,153.989,153.929,153.95,151.487,151.887,1.5,1.7,-0.19999999999999996,-11.764705882352938,0,5,1,11,2024,-0.060000000000002274,0.020999999999986585,-0.03900000000001569
2024-11-26 14:00:00,USD,S&P/CS Composite-20 HPI y/y,4.6%,5.2%,153.378,153.333,153.217,150.882,151.535,4.6,5.2,-0.6000000000000005,-11.538461538461549,1,14,1,11,2024,-0.044999999999987494,-0.11599999999998545,-0.16099999999997294
2024-11-26 14:59:00,USD,Richmond Manufacturing Index,-14,-14,153.106,153.109,153.121,151.022,151.495,-14.0,-14.0,0.0,0.0,1,14,1,11,2024,0.0030000000000143245,0.012000000000000455,0.01500000000001478
2024-11-27 13:30:00,USD,Prelim GDP q/q,2.8%,2.8%,150.77,150.77,150.769,151.495,149.645,2.8,2.8,0.0,0.0,1,13,2,11,2024,0.0,-0.0010000000000047748,-0.0010000000000047748
2024-11-27 14:45:00,USD,Chicago PMI,40.2,41.6,150.975,150.965,150.989,151.541,149.604,40.2,41.6,-1.3999999999999986,-3.365384615384612,1,14,2,11,2024,-0.009999999999990905,0.02400000000000091,0.014000000000010004
2024-11-27 15:00:00,USD,Core PCE Price Index m/m,0.3%,0.3%,151.021,151.075,151.099,151.496,149.604,0.3,0.3,0.0,0.0,1,15,2,11,2024,0.054000000000002046,0.02400000000000091,0.07800000000000296
2024-11-27 15:30:00,USD,Crude Oil Inventories,-1.8M,0.5M,151.171,151.161,151.112,151.503,149.565,-1800000.0,500000.0,-2300000.0,-459.99999999999994,1,15,2,11,2024,-0.009999999999990905,-0.049000000000006594,-0.0589999999999975
2024-11-27 17:00:00,USD,Natural Gas Storage,-2B,-3B,151.119,151.046,151.077,151.077,0.0,-2000000000.0,-3000000000.0,1000000000.0,33.33333333333333,1,17,2,11,2024,-0.0730000000000075,0.03100000000000591,-0.04200000000000159
2024-11-28 23:30:00,JPY,Tokyo Core CPI y/y,2.2%,1.8%,149.916,149.917,150.0,150.0,150.472,2.2,1.8,0.40000000000000013,22.22222222222223,0,23,3,11,2024,0.0010000000000047748,0.08299999999999841,0.08400000000000318
2024-11-28 23:50:00,JPY,Prelim Industrial Production m/m,3.0%,1.6%,149.976,149.976,149.96,149.96,150.624,3.0,1.6,1.4,87.49999999999999,0,23,3,11,2024,0.0,-0.015999999999991132,-0.015999999999991132
2024-11-29 05:00:00,JPY,Consumer Confidence,36.4,36.2,150.206,150.142,150.224,150.224,150.345,36.4,36.2,0.19999999999999574,0.552486187845292,0,5,4,11,2024,-0.06399999999999295,0.08199999999999363,0.018000000000000682
2024-12-01 23:50:00,JPY,Capital Spending q/y,8.1%,7.4%,150.579,150.624,150.618,150.146,149.939,8.1,7.4,0.6999999999999993,9.459459459459449,0,23,6,12,2024,0.044999999999987494,-0.006000000000000227,0.03899999999998727
2024-12-02 14:45:00,USD,Final Manufacturing PMI,49.7,48.8,149.564,149.532,149.519,149.397,150.355,49.7,48.8,0.9000000000000057,1.844262295081979,1,14,0,12,2024,-0.031999999999982265,-0.01300000000000523,-0.044999999999987494
2024-12-02 15:00:00,USD,ISM Manufacturing PMI,48.4,46.5,149.495,149.533,149.563,149.494,150.469,48.4,46.5,1.8999999999999986,4.0860215053763405,1,15,0,12,2024,0.03799999999998249,0.030000000000001137,0.06799999999998363
2024-12-02 23:50:00,JPY,Monetary Base y/y,-0.3%,-0.3%,150.146,150.146,150.19,149.939,150.396,-0.3,-0.3,0.0,0.0,0,23,0,12,2024,0.0,0.04400000000001114,0.04400000000001114
2024-12-03 03:35:00,JPY,10-y Bond Auction,1.08|3.1,1.00|3.1,149.9,149.863,149.947,150.353,149.939,,,,,0,3,1,12,2024,-0.03700000000000614,0.08400000000000318,0.046999999999997044
2024-12-03 15:00:00,USD,JOLTS Job Openings,7.74M,7.37M,149.495,149.494,149.439,150.469,150.042,7740000.0,7370000.0,370000.0,5.020352781546811,1,15,1,12,2024,-0.0010000000000047748,-0.05500000000000682,-0.056000000000011596
2024-12-03 15:06:00,USD,RCM/TIPP Economic Optimism,54.0,53.2,149.51,149.451,149.43,150.55,150.075,54.0,53.2,0.7999999999999972,1.5037593984962352,1,15,1,12,2024,-0.0589999999999975,-0.020999999999986585,-0.07999999999998408
2024-12-04 13:15:00,USD,ADP Non-Farm Employment Change,146K,184K,150.157,150.153,150.144,150.242,150.019,146000.0,184000.0,-38000.0,-20.652173913043477,1,13,2,12,2024,-0.004000000000019099,-0.00899999999998613,-0.01300000000000523
2024-12-04 14:45:00,USD,Final Services PMI,56.1,57.0,150.352,150.355,150.373,149.973,150.016,56.1,57.0,-0.8999999999999986,-1.5789473684210502,1,14,2,12,2024,0.002999999999985903,0.018000000000000682,0.020999999999986585
2024-12-04 15:00:00,USD,ISM Services PMI,52.1,56.0,150.406,150.469,150.513,150.042,149.977,52.1,56.0,-3.8999999999999986,-6.964285714285712,1,15,2,12,2024,0.06299999999998818,0.04400000000001114,0.10699999999999932
2024-12-04 15:30:00,USD,Crude Oil Inventories,-5.1M,-1.8M,150.651,150.587,150.635,149.983,149.991,-5100000.0,-1800000.0,-3300000.0,-183.33333333333331,1,15,2,12,2024,-0.06400000000002137,0.04800000000000182,-0.016000000000019554
2024-12-05 03:35:00,JPY,30-y Bond Auction,2.29|3.5,2.27|3.4,149.906,149.939,149.934,150.315,150.491,,,,,0,3,3,12,2024,0.03299999999998704,-0.0049999999999954525,0.027999999999991587
2024-12-05 12:30:00,USD,Challenger Job Cuts y/y,26.8%,50.9%,150.15,150.108,150.12,149.947,151.286,26.8,50.9,-24.099999999999998,-47.347740667976424,1,12,3,12,2024,-0.04200000000000159,0.012000000000000455,-0.030000000000001137
2024-12-05 15:30:00,USD,Natural Gas Storage,-30B,-2B,150.003,149.983,150.02,149.991,151.265,-30000000000.0,-2000000000.0,-28000000000.0,-1400.0,1,15,3,12,2024,-0.01999999999998181,0.03700000000000614,0.01700000000002433
2024-12-05 23:30:00,JPY,Average Cash Earnings y/y,2.6%,2.5%,149.932,149.922,149.905,149.905,149.946,2.6,2.5,0.10000000000000009,4.0000000000000036,0,23,3,12,2024,-0.009999999999990905,-0.016999999999995907,-0.026999999999986812
2024-12-06 05:00:00,JPY,Leading Indicators,108.6%,109.1%,150.582,150.593,150.537,150.537,150.392,108.6,109.1,-0.5,-0.458295142071494,0,5,4,12,2024,0.01099999999999568,-0.055999999999983174,-0.044999999999987494
2024-12-06 20:00:00,USD,Consumer Credit m/m,19.2B,3.2B,0.0,0.0,0.0,0.0,149.872,19200000000.0,3200000000.0,16000000000.0,500.0,1,20,4,12,2024,0.0,0.0,0.0
2024-12-08 23:50:00,JPY,Bank Lending y/y,3.0%,2.6%,149.9,149.86,149.879,151.093,151.522,3.0,2.6,0.3999999999999999,15.38461538461538,0,23,6,12,2024,-0.03999999999999204,0.018999999999977035,-0.021000000000015007
2024-12-09 05:00:00,JPY,Economy Watchers Sentiment,49.4,47.5,150.389,150.392,150.439,151.594,152.641,49.4,47.5,1.8999999999999986,3.9999999999999973,0,5,0,12,2024,0.002999999999985903,0.046999999999997044,0.04999999999998295
2024-12-09 15:00:00,USD,Final Wholesale Inventories m/m,0.2%,0.2%,151.234,151.221,151.26,151.912,152.633,0.2,0.2,0.0,0.0,1,15,0,12,2024,-0.01300000000000523,0.03899999999998727,0.025999999999982037
2024-12-09 23:50:00,JPY,M2 Money Stock y/y,1.2%,1.2%,151.095,151.093,151.117,151.522,152.237,1.2,1.2,0.0,0.0,0,23,0,12,2024,-0.0020000000000095497,0.02400000000000091,0.02199999999999136
2024-12-10 05:58:00,JPY,Prelim Machine Tool Orders y/y,3.0%,9.3%,151.548,151.564,151.6,152.574,152.296,3.0,9.3,-6.300000000000001,-67.74193548387098,0,5,1,12,2024,0.015999999999991132,0.036000000000001364,0.0519999999999925
2024-12-10 11:00:00,USD,NFIB Small Business Index,101.7,93.7,152.156,152.114,152.128,152.486,152.279,101.7,93.7,8.0,8.537886872998932,1,11,1,12,2024,-0.04200000000000159,0.013999999999981583,-0.02800000000002001
2024-12-10 13:30:00,USD,Revised Nonfarm Productivity q/q,2.2%,2.2%,152.021,151.983,151.957,152.445,152.413,2.2,2.2,0.0,0.0,1,13,1,12,2024,-0.03799999999998249,-0.02600000000001046,-0.06399999999999295
2024-12-10 23:50:00,JPY,BSI Manufacturing Index,6.3,4.5,151.554,151.522,151.505,152.237,152.986,6.3,4.5,1.7999999999999998,40.0,0,23,1,12,2024,-0.03200000000001069,-0.016999999999995907,-0.049000000000006594
2024-12-11 13:30:00,USD,Core CPI m/m,0.3%,0.3%,152.466,152.445,152.452,152.413,153.719,0.3,0.3,0.0,0.0,1,13,2,12,2024,-0.021000000000015007,0.007000000000005002,-0.014000000000010004
2024-12-11 18:01:00,USD,10-y Bond Auction,4.24|2.7,4.35|2.6,152.404,152.433,152.412,152.597,153.611,,,,,1,18,2,12,2024,0.028999999999996362,-0.020999999999986585,0.008000000000009777
2024-12-11 19:00:00,USD,Federal Budget Balance,-366.8B,-257.5B,152.269,0.0,152.197,152.673,153.429,-366800000000.0,-257500000000.0,-109300000000.0,-42.44660194174757,1,19,2,12,2024,-152.269,152.197,-0.07200000000000273
2024-12-12 15:30:00,USD,Natural Gas Storage,-190B,-30B,152.586,152.596,152.619,153.69,154.103,-190000000000.0,-30000000000.0,-160000000000.0,-533.3333333333333,1,15,3,12,2024,0.009999999999990905,0.022999999999996135,0.03299999999998704
2024-12-12 18:01:00,USD,30-y Bond Auction,4.54|2.4,4.61|2.6,152.556,152.597,152.581,152.581,153.611,,,,,1,18,3,12,2024,0.04099999999999682,-0.016000000000019554,0.024999999999977263
2024-12-12 23:50:00,JPY,Tankan Manufacturing Index,14,13,153.016,152.986,152.971,152.971,153.81,14.0,13.0,1.0,7.6923076923076925,0,23,3,12,2024,-0.030000000000001137,-0.014999999999986358,-0.044999999999987494
2024-12-13 04:30:00,JPY,Revised Industrial Production m/m,2.8%,3.0%,153.249,153.242,153.236,153.236,153.669,2.8,3.0,-0.20000000000000018,-6.666666666666672,0,4,4,12,2024,-0.007000000000005002,-0.006000000000000227,-0.01300000000000523
2024-12-15 23:50:00,JPY,Core Machinery Orders m/m,2.1%,-0.7%,153.822,153.81,153.761,154.04,153.37,2.1,-0.7,2.8,400.0,0,23,6,12,2024,-0.012000000000000455,-0.049000000000006594,-0.06100000000000705
2024-12-16 00:30:00,JPY,Flash Manufacturing PMI,49.5,49.0,153.696,153.699,153.672,154.071,153.457,49.5,49.0,0.5,1.0204081632653061,0,0,0,12,2024,0.0030000000000143245,-0.027000000000015234,-0.02400000000000091
2024-12-16 04:30:00,JPY,Tertiary Industry Activity m/m,0.3%,-0.1%,153.712,153.669,153.678,153.82,153.703,0.3,-0.1,0.4,400.0,0,4,0,12,2024,-0.042999999999977945,0.00899999999998613,-0.033999999999991815
2024-12-16 13:30:00,USD,Empire State Manufacturing Index,0.2,31.2,154.165,154.173,154.165,153.284,153.748,0.2,31.2,-31.0,-99.35897435897436,1,13,0,12,2024,0.008000000000009777,-0.008000000000009777,0.0
2024-12-16 14:45:00,USD,Flash Manufacturing PMI,48.3,49.7,154.114,154.122,154.09,153.318,154.571,48.3,49.7,-1.4000000000000057,-2.8169014084507156,1,14,0,12,2024,0.008000000000009777,-0.03200000000001069,-0.02400000000000091
2024-12-17 14:15:00,USD,Capacity Utilization Rate,76.8%,77.0%,153.289,153.317,153.294,154.527,157.437,76.8,77.0,-0.20000000000000284,-0.25974025974026343,1,14,1,12,2024,0.02800000000002001,-0.022999999999996135,0.005000000000023874
2024-12-17 15:00:00,USD,Business Inventories m/m,0.1%,0.0%,153.307,153.348,153.352,154.573,157.383,0.1,0.0,0.1,,1,15,1,12,2024,0.04100000000002524,0.003999999999990678,0.045000000000015916
2024-12-17 23:50:00,JPY,Trade Balance,-0.38T,-0.23T,153.414,153.37,153.439,155.272,157.306,,,,,0,23,1,12,2024,-0.04399999999998272,0.0689999999999884,0.025000000000005684
2024-12-18 13:30:00,USD,Building Permits,1.51M,1.42M,153.762,153.748,153.763,157.695,156.192,1510000.0,1420000.0,90000.0,6.338028169014084,1,13,2,12,2024,-0.014000000000010004,0.01500000000001478,0.0010000000000047748
2024-12-18 15:30:00,USD,Crude Oil Inventories,-0.9M,-1.4M,154.5,154.606,154.61,157.39,156.059,-900000.0,-1400000.0,500000.0,35.714285714285715,1,15,2,12,2024,0.10599999999999454,0.004000000000019099,0.11000000000001364
2024-12-18 19:00:00,USD,Federal Funds Rate,4.50%,4.75%,154.623,154.702,154.609,157.693,156.552,4.5,4.75,-0.25,-5.263157894736842,1,19,2,12,2024,0.07900000000000773,-0.09299999999998931,-0.013999999999981583
2024-12-19 02:52:00,JPY,BOJ Policy Rate,<0.25%,<0.25%,156.388,156.273,156.479,156.84,156.761,,,,,0,2,3,12,2024,-0.1150000000000091,0.20600000000001728,0.09100000000000819
2024-12-19 13:30:00,USD,Final GDP q/q,3.1%,2.8%,157.626,157.695,157.657,156.192,157.159,3.1,2.8,0.30000000000000027,10.714285714285724,1,13,3,12,2024,0.0689999999999884,-0.03799999999998249,0.03100000000000591
2024-12-19 15:00:00,USD,Existing Home Sales,4.15M,3.96M,157.356,157.383,157.396,156.022,157.052,4150000.0000000005,3960000.0,190000.00000000047,4.797979797979809,1,15,3,12,2024,0.027000000000015234,0.012999999999976808,0.03999999999999204
2024-12-19 15:30:00,USD,Natural Gas Storage,-125B,-190B,157.349,157.39,157.342,156.059,157.129,-125000000000.0,-190000000000.0,65000000000.0,34.21052631578947,1,15,3,12,2024,0.04099999999999682,-0.0479999999999734,-0.0069999999999765805
2024-12-19 21:00:00,USD,TIC Long-Term Purchases,152.3B,216.1B,157.254,157.249,157.291,157.291,156.45,152300000000.0,216100000000.0,-63800000000.0,-29.52336881073577,1,21,3,12,2024,-0.0049999999999954525,0.04200000000000159,0.03700000000000614
2024-12-19 23:30:00,JPY,National Core CPI y/y,2.7%,2.3%,157.114,157.098,157.17,157.17,156.53,2.7,2.3,0.40000000000000036,17.391304347826104,0,23,3,12,2024,-0.015999999999991132,0.0719999999999743,0.055999999999983174
2024-12-23 15:00:00,USD,CB Consumer Confidence,104.7,112.8,157.114,157.052,157.077,157.297,157.961,104.7,112.8,-8.099999999999994,-7.180851063829782,1,15,0,12,2024,-0.06200000000001182,0.025000000000005684,-0.03700000000000614
2024-12-24 04:59:00,JPY,BOJ Core CPI y/y,1.7%,1.5%,157.053,157.09,157.052,157.052,157.429,1.7,1.5,0.19999999999999996,13.33333333333333,0,4,1,12,2024,0.03700000000000614,-0.038000000000010914,-0.0010000000000047748
2024-12-24 14:59:00,USD,Richmond Manufacturing Index,-10,-14,157.302,157.284,157.283,157.283,157.984,-10.0,-14.0,4.0,28.57142857142857,1,14,1,12,2024,-0.018000000000000682,-0.0010000000000047748,-0.019000000000005457
2024-12-24 23:50:00,JPY,SPPI y/y,3.0%,2.9%,157.287,157.294,157.301,157.424,157.575,3.0,2.9,0.10000000000000009,3.448275862068969,0,23,1,12,2024,0.007000000000005002,0.0069999999999765805,0.013999999999981583
2024-12-26 13:30:00,USD,Unemployment Claims,219K,220K,157.936,157.925,157.896,157.822,157.064,219000.0,220000.0,-1000.0,-0.45454545454545453,1,13,3,12,2024,-0.01099999999999568,-0.029000000000024784,-0.040000000000020464
2024-12-26 23:30:00,JPY,Tokyo Core CPI y/y,2.4%,2.2%,157.652,157.648,157.604,157.604,157.782,2.4,2.2,0.19999999999999973,9.09090909090908,0,23,3,12,2024,-0.003999999999990678,-0.04399999999998272,-0.0479999999999734
2024-12-27 05:00:00,JPY,Housing Starts y/y,-1.8%,-2.9%,157.84,157.875,157.845,157.845,157.869,-1.8,-2.9,1.0999999999999999,37.93103448275862,0,5,4,12,2024,0.03499999999999659,-0.030000000000001137,0.0049999999999954525
2024-12-27 13:30:00,USD,Goods Trade Balance,-102.9B,-98.3B,157.818,157.822,157.786,157.786,157.064,-102900000000.0,-98300000000.0,-4600000000.0,-4.679552390640895,1,13,4,12,2024,0.003999999999990678,-0.036000000000001364,-0.03200000000001069
2024-12-27 15:30:00,USD,Natural Gas Storage,-93B,-125B,157.902,157.939,157.916,157.916,156.946,-93000000000.0,-125000000000.0,32000000000.0,25.6,1,15,4,12,2024,0.03700000000000614,-0.022999999999996135,0.014000000000010004
2024-12-27 18:00:00,USD,Crude Oil Inventories,-4.2M,-0.9M,0.0,0.0,0.0,0.0,157.75,-4200000.0,-900000.0,-3300000.0,-366.66666666666663,1,18,4,12,2024,0.0,0.0,0.0
2024-12-30 00:30:00,JPY,Final Manufacturing PMI,49.6,49.5,157.82,157.867,157.872,156.189,0.0,49.6,49.5,0.10000000000000142,0.20202020202020488,0,0,0,12,2024,0.046999999999997044,0.005000000000023874,0.05200000000002092
2024-12-30 14:45:00,USD,Chicago PMI,36.9,40.2,157.007,157.032,157.054,157.258,0.0,36.9,40.2,-3.3000000000000043,-8.208955223880606,1,14,0,12,2024,0.025000000000005684,0.02199999999999136,0.046999999999997044
2024-12-30 15:00:00,USD,Pending Home Sales m/m,2.2%,1.8%,157.055,157.106,157.032,157.321,0.0,2.2,1.8,0.40000000000000013,22.22222222222223,1,15,0,12,2024,0.05099999999998772,-0.07399999999998386,-0.022999999999996135
2024-12-31 14:00:00,USD,S&P/CS Composite-20 HPI y/y,4.2%,4.6%,157.272,157.289,157.286,157.286,0.0,4.2,4.6,-0.39999999999999947,-8.695652173913032,1,14,1,12,2024,0.016999999999995907,-0.002999999999985903,0.014000000000010004
2024-01-02 13:30:00,USD,Unemployment Claims,211K,220K,141.878,141.877,141.88,143.628,144.618,211000.0,220000.0,-9000.0,-4.090909090909091,1,13,1,1,2024,-0.0009999999999763531,0.002999999999985903,0.0020000000000095497
2024-01-02 14:45:00,USD,Final Manufacturing PMI,49.4,48.3,141.939,141.947,141.99,143.252,144.581,49.4,48.3,1.1000000000000014,2.2774327122153237,1,14,1,1,2024,0.008000000000009777,0.043000000000006366,0.051000000000016144
2024-01-02 15:00:00,USD,Construction Spending m/m,0.0%,0.5%,141.982,141.952,141.958,143.258,144.567,0.0,0.5,-0.5,-100.0,1,15,1,1,2024,-0.030000000000001137,0.006000000000000227,-0.02400000000000091
2024-01-02 16:00:00,USD,Crude Oil Inventories,-1.2M,-4.2M,141.881,141.99,141.968,143.247,144.609,-1200000.0,-4200000.0,3000000.0,71.42857142857143,1,16,1,1,2024,0.10900000000000887,-0.02200000000001978,0.08699999999998909
2024-01-03 15:00:00,USD,ISM Manufacturing PMI,49.3,48.4,143.3,143.258,143.167,144.567,144.668,49.3,48.4,0.8999999999999986,1.8595041322314023,1,15,2,1,2024,-0.04200000000000159,-0.09100000000000819,-0.13300000000000978
2024-01-03 15:30:00,USD,Natural Gas Storage,-116B,-93B,143.241,143.244,143.247,144.578,144.673,-116000000000.0,-93000000000.0,-23000000000.0,-24.731182795698924,1,15,2,1,2024,0.002999999999985903,0.0030000000000143245,0.006000000000000227
