day,month,year,date,time,currency,impact,event,actual,forecast,previous
,,2024,MonJan 1,All Day,JPY,,Bank Holiday,,,
,,2024,MonJan 1,All Day,USD,,Bank Holiday,,,
,,2024,TueJan 2,All Day,JPY,,Bank Holiday,,,
,,2024,TueJan 2,3:45pm,USD,,Final Manufacturing PMI,47.9,48.4,48.2
,,2024,TueJan 2,4:00pm,USD,,Construction Spending m/m,0.4%,0.6%,1.2%
,,2024,WedJan 3,All Day,JPY,,Bank Holiday,,,
,,2024,WedJan 3,2:30pm,USD,,FOMC Member Barkin Speaks,,,
,,2024,WedJan 3,4:00pm,USD,,ISM Manufacturing PMI,47.4,47.2,46.7
,,2024,WedJan 3,,USD,,JOLTS Job Openings,8.79M,8.84M,8.85M
,,2024,WedJan 3,,USD,,ISM Manufacturing Prices,45.2,49.5,49.9
,,2024,WedJan 3,All Day,USD,,Omdia Total Vehicle Sales,15.8M,15.5M,15.3M
,,2024,WedJan 3,8:00pm,USD,,FOMC Meeting Minutes,,,
,,2024,WedJan 3,10:30pm,USD,,API Weekly Statistical Bulletin,,,
,,2024,ThuJan 4,1:30am,JPY,,Final Manufacturing PMI,47.9,47.7,47.7
,,2024,ThuJan 4,1:30pm,USD,,Challenger Job Cuts y/y,-20.2%,,-40.8%
,,2024,ThuJan 4,2:15pm,USD,,ADP Non-Farm Employment Change,164K,120K,101K
,,2024,ThuJan 4,2:30pm,USD,,Unemployment Claims,202K,217K,220K
,,2024,ThuJan 4,3:45pm,USD,,Final Services PMI,51.4,51.3,51.3
,,2024,ThuJan 4,4:30pm,USD,,Natural Gas Storage,-14B,-33B,-87B
,,2024,ThuJan 4,5:00pm,USD,,Crude Oil Inventories,-5.5M,-3.2M,-7.1M
,,2024,FriJan 5,12:50am,JPY,,Monetary Base y/y,7.8%,9.0%,8.9%
,,2024,FriJan 5,6:00am,JPY,,Consumer Confidence,37.2,36.4,36.1
,,2024,FriJan 5,,USD,,Average Hourly Earnings m/m,0.4%,0.3%,0.4%
,,2024,FriJan 5,,USD,,Non-Farm Employment Change,216K,168K,173K
,,2024,FriJan 5,,USD,,Unemployment Rate,3.7%,3.8%,3.7%
,,2024,FriJan 5,,USD,,ISM Services PMI,50.6,52.5,52.7
,,2024,FriJan 5,,USD,,Factory Orders m/m,2.6%,2.0%,-3.4%
,,2024,FriJan 5,7:30pm,USD,,FOMC Member Barkin Speaks,,,
,,2024,MonJan 8,All Day,JPY,,Bank Holiday,,,
,,2024,MonJan 8,6:30pm,USD,,FOMC Member Bostic Speaks,,,
,,2024,MonJan 8,9:00pm,USD,,Consumer Credit m/m,23.8B,8.9B,5.8B
,,2024,TueJan 9,12:30am,JPY,,Tokyo Core CPI y/y,2.1%,2.1%,2.3%
,,2024,TueJan 9,,JPY,,Household Spending y/y,-2.9%,-2.2%,-2.5%
,,2024,TueJan 9,12:00pm,USD,,NFIB Small Business Index,91.9,90.7,90.6
,,2024,TueJan 9,,USD,,Trade Balance,-63.2B,-64.9B,-64.5B
,,2024,TueJan 9,4:02pm,USD,,RCM/TIPP Economic Optimism,44.7,42.0,40.0
,,2024,TueJan 9,6:00pm,USD,,FOMC Member Barr Speaks,,,
,,2024,TueJan 9,10:30pm,USD,,API Weekly Statistical Bulletin,,,
,,2024,WedJan 10,12:30am,JPY,,Average Cash Earnings y/y,0.2%,1.5%,1.5%
,,2024,WedJan 10,4:35am,JPY,,10-y Bond Auction,0.60|2.9,,0.70|2.8
,,2024,WedJan 10,4:00pm,USD,,Final Wholesale Inventories m/m,-0.2%,-0.2%,-0.2%
,,2024,WedJan 10,4:30pm,USD,,Crude Oil Inventories,1.3M,-0.2M,-5.5M
,,2024,WedJan 10,7:01pm,USD,,10-y Bond Auction,4.02|2.6,,4.30|2.5
,,2024,WedJan 10,9:15pm,USD,,FOMC Member Williams Speaks,,,
,,2024,ThuJan 11,6:00am,JPY,,Leading Indicators,107.7%,107.9%,108.9%
,,2024,ThuJan 11,2:30pm,USD,,Core CPI m/m,0.3%,0.3%,0.3%
,,2024,ThuJan 11,,USD,,Core CPI y/y,3.9%,3.8%,4.0%
,,2024,ThuJan 11,,USD,,CPI m/m,0.3%,0.2%,0.1%
,,2024,ThuJan 11,,USD,,CPI y/y,3.4%,3.2%,3.1%
,,2024,ThuJan 11,,USD,,Unemployment Claims,202K,209K,203K
,,2024,ThuJan 11,4:30pm,USD,,Natural Gas Storage,-140B,-121B,-14B
,,2024,ThuJan 11,7:01pm,USD,,30-y Bond Auction,4.23|2.4,,4.34|2.4
,,2024,ThuJan 11,8:00pm,USD,,Federal Budget Balance,-129.4B,-66.2B,-314.0B
,,2024,FriJan 12,12:50am,JPY,,Bank Lending y/y,3.1%,2.7%,2.8%
,,2024,FriJan 12,,JPY,,Current Account,1.89T,2.18T,2.62T
,,2024,FriJan 12,4:35am,JPY,,30-y Bond Auction,1.63|3.0,,1.62|2.6
,,2024,FriJan 12,6:00am,JPY,,Economy Watchers Sentiment,50.7,49.9,49.5
,,2024,FriJan 12,2:30pm,USD,,Core PPI m/m,0.0%,0.2%,0.0%
,,2024,FriJan 12,,USD,,PPI m/m,-0.1%,0.1%,-0.1%
,,2024,MonJan 15,12:50am,JPY,,M2 Money Stock y/y,2.3%,2.2%,2.3%
,,2024,MonJan 15,6:59am,JPY,,Prelim Machine Tool Orders y/y,-9.9%,,-13.6%
,,2024,MonJan 15,All Day,USD,,Bank Holiday,,,
,,2024,TueJan 16,12:50am,JPY,,PPI y/y,0.0%,-0.3%,0.3%
,,2024,TueJan 16,,USD,,Empire State Manufacturing Index,-43.7,-4.9,-14.5
,,2024,TueJan 16,5:00pm,USD,,FOMC Member Waller Speaks,,,
,,2024,WedJan 17,,USD,,Core Retail Sales m/m,0.4%,0.2%,0.2%
,,2024,WedJan 17,,USD,,Retail Sales m/m,0.6%,0.4%,0.3%
,,2024,WedJan 17,,USD,,Import Prices m/m,0.0%,-0.6%,-0.5%
,,2024,WedJan 17,3:00pm,USD,,FOMC Member Barr Speaks,,,
,,2024,WedJan 17,,USD,,FOMC Member Bowman Speaks,,,
,,2024,WedJan 17,3:15pm,USD,,Industrial Production m/m,0.1%,-0.1%,0.0%
,,2024,WedJan 17,,USD,,Capacity Utilization Rate,78.6%,78.7%,78.6%
,,2024,WedJan 17,4:00pm,USD,,Business Inventories m/m,-0.1%,-0.1%,-0.1%
,,2024,WedJan 17,,USD,,NAHB Housing Market Index,44,39,37
,,2024,WedJan 17,8:00pm,USD,,Beige Book,,,
,,2024,WedJan 17,9:00pm,USD,,FOMC Member Williams Speaks,,,
,,2024,WedJan 17,10:30pm,USD,,API Weekly Statistical Bulletin,,,
,,2024,ThuJan 18,12:50am,JPY,,Core Machinery Orders m/m,-4.9%,-0.8%,0.7%
,,2024,ThuJan 18,5:30am,JPY,,Revised Industrial Production m/m,-0.9%,-0.9%,-0.9%
,,2024,ThuJan 18,,USD,,FOMC Member Bostic Speaks,,,
,,2024,ThuJan 18,2:30pm,USD,,Unemployment Claims,187K,206K,203K
,,2024,ThuJan 18,,USD,,Building Permits,1.50M,1.47M,1.47M
,,2024,ThuJan 18,,USD,,Philly Fed Manufacturing Index,-10.6,-6.6,-10.5
,,2024,ThuJan 18,,USD,,Housing Starts,1.46M,1.43M,1.53M
,,2024,ThuJan 18,,USD,,Natural Gas Storage,-154B,-166B,-140B
,,2024,ThuJan 18,5:00pm,USD,,Crude Oil Inventories,-2.5M,-0.6M,1.3M
,,2024,ThuJan 18,6:05pm,USD,,FOMC Member Bostic Speaks,,,
,,2024,FriJan 19,12:30am,JPY,,National Core CPI y/y,2.3%,2.3%,2.5%
,,2024,FriJan 19,5:30am,JPY,,Tertiary Industry Activity m/m,-0.7%,0.2%,-0.2%
,,2024,FriJan 19,4:00pm,USD,,Prelim UoM Consumer Sentiment,78.8,69.8,69.7
,,2024,FriJan 19,,USD,,Existing Home Sales,3.78M,3.83M,3.82M
,,2024,FriJan 19,,USD,,Prelim UoM Inflation Expectations,2.9%,,3.1%
,,2024,FriJan 19,10:00pm,USD,,TIC Long-Term Purchases,126.1B,21.7B,3.4B
,,2024,FriJan 19,10:15pm,USD,,FOMC Member Daly Speaks,,,
,,2024,MonJan 22,4:00pm,USD,,CB Leading Index m/m,-0.1%,-0.3%,-0.5%
,,2024,TueJan 23,4:09am,JPY,,BOJ Outlook Report,,,
,,2024,TueJan 23,,JPY,,Monetary Policy Statement,,,
,,2024,TueJan 23,,JPY,,BOJ Policy Rate,-0.10%,-0.10%,-0.10%
,,2024,TueJan 23,6:00am,JPY,,BOJ Core CPI y/y,2.6%,2.8%,2.7%
,,2024,TueJan 23,7:30am,JPY,,BOJ Press Conference,,,
,,2024,TueJan 23,3:59pm,USD,,Richmond Manufacturing Index,-15,-7,-11
,,2024,TueJan 23,10:30pm,USD,,API Weekly Statistical Bulletin,,,
,,2024,WedJan 24,12:50am,JPY,,Trade Balance,-0.41T,-0.45T,-0.35T
,,2024,WedJan 24,1:30am,JPY,,Flash Manufacturing PMI,48.0,48.2,47.9
,,2024,WedJan 24,,USD,,Flash Manufacturing PMI,50.3,47.6,47.9
,,2024,WedJan 24,,USD,,Flash Services PMI,52.9,51.4,51.4
,,2024,WedJan 24,,USD,,Crude Oil Inventories,-9.2M,-1.2M,-2.5M
,,2024,ThuJan 25,2:30pm,USD,,Advance GDP q/q,3.3%,2.0%,4.9%
,,2024,ThuJan 25,,USD,,Unemployment Claims,214K,199K,189K
,,2024,ThuJan 25,,USD,,Advance GDP Price Index q/q,1.5%,2.3%,3.3%
,,2024,ThuJan 25,,USD,,Core Durable Goods Orders m/m,0.6%,0.2%,0.4%
,,2024,ThuJan 25,,USD,,Durable Goods Orders m/m,0.0%,1.2%,5.5%
,,2024,ThuJan 25,,USD,,Goods Trade Balance,-88.5B,-88.7B,-89.3B
,,2024,ThuJan 25,,USD,,Prelim Wholesale Inventories m/m,0.4%,-0.2%,-0.4%
,,2024,ThuJan 25,4:00pm,USD,,New Home Sales,664K,648K,615K
,,2024,ThuJan 25,4:30pm,USD,,Natural Gas Storage,-326B,-322B,-154B
,,2024,FriJan 26,12:30am,JPY,,Tokyo Core CPI y/y,1.6%,1.9%,2.1%
,,2024,FriJan 26,12:50am,JPY,,Monetary Policy Meeting Minutes,,,
,,2024,FriJan 26,,JPY,,SPPI y/y,2.4%,2.4%,2.4%
,,2024,FriJan 26,2:30pm,USD,,Core PCE Price Index m/m,0.2%,0.2%,0.1%
,,2024,FriJan 26,,USD,,Personal Income m/m,0.3%,0.3%,0.4%
,,2024,FriJan 26,,USD,,Personal Spending m/m,0.7%,0.5%,0.4%
,,2024,FriJan 26,4:00pm,USD,,Pending Home Sales m/m,8.3%,2.1%,-0.3%
,,2024,TueJan 30,12:30am,JPY,,Unemployment Rate,2.4%,2.5%,2.5%
,,2024,TueJan 30,3:00pm,USD,,S&P/CS Composite-20 HPI y/y,5.4%,5.8%,4.9%
,,2024,TueJan 30,,USD,,HPI m/m,0.3%,0.3%,0.3%
,,2024,TueJan 30,4:00pm,USD,,CB Consumer Confidence,114.8,114.2,108.0
,,2024,TueJan 30,,USD,,JOLTS Job Openings,9.03M,8.73M,8.93M
,,2024,TueJan 30,10:30pm,USD,,API Weekly Statistical Bulletin,,,
,,2024,WedJan 31,12:50am,JPY,,BOJ Summary of Opinions,,,
,,2024,WedJan 31,,JPY,,Prelim Industrial Production m/m,1.8%,2.5%,-0.9%
,,2024,WedJan 31,,JPY,,Retail Sales y/y,2.1%,5.0%,5.4%
,,2024,WedJan 31,6:00am,JPY,,Consumer Confidence,38.0,37.6,37.2
,,2024,WedJan 31,,JPY,,Housing Starts y/y,-4.0%,-6.6%,-8.5%
,,2024,WedJan 31,2:15pm,USD,,ADP Non-Farm Employment Change,107K,148K,158K
,,2024,WedJan 31,,USD,,Employment Cost Index q/q,0.9%,1.0%,1.1%
,,2024,WedJan 31,3:45pm,USD,,Chicago PMI,46.0,47.9,46.9
,,2024,WedJan 31,4:30pm,USD,,Crude Oil Inventories,1.2M,-0.8M,-9.2M
,,2024,WedJan 31,8:00pm,USD,,Federal Funds Rate,5.50%,5.50%,5.50%
,,2024,WedJan 31,,USD,,FOMC Statement,,,
,,2024,WedJan 31,8:30pm,USD,,FOMC Press Conference,,,
,,2024,ThuFeb 1,,JPY,,Final Manufacturing PMI,48.0,48.0,48.0
,,2024,ThuFeb 1,4:35am,JPY,,10-y Bond Auction,0.74|3.6,,0.60|2.9
,,2024,ThuFeb 1,,USD,,Challenger Job Cuts y/y,-20.0%,,-20.2%
,,2024,ThuFeb 1,2:30pm,USD,,Unemployment Claims,224K,213K,215K
,,2024,ThuFeb 1,,USD,,Prelim Nonfarm Productivity q/q,3.2%,2.4%,5.2%
,,2024,ThuFeb 1,,USD,,Prelim Unit Labor Costs q/q,0.5%,1.3%,-1.2%
,,2024,ThuFeb 1,3:45pm,USD,,Final Manufacturing PMI,50.7,50.3,50.3
,,2024,ThuFeb 1,4:00pm,USD,,ISM Manufacturing PMI,49.1,47.2,47.4
,,2024,ThuFeb 1,,USD,,ISM Manufacturing Prices,52.9,46.0,45.2
,,2024,ThuFeb 1,,USD,,Construction Spending m/m,0.9%,0.5%,0.9%
,,2024,ThuFeb 1,All Day,USD,,Omdia Total Vehicle Sales,15.0M,15.7M,15.8M
,,2024,ThuFeb 1,4:30pm,USD,,Natural Gas Storage,-197B,-202B,-326B
,,2024,FriFeb 2,12:50am,JPY,,Monetary Base y/y,4.8%,7.5%,7.8%
,,2024,FriFeb 2,2:30pm,USD,,Average Hourly Earnings m/m,0.6%,0.3%,0.4%
,,2024,FriFeb 2,,USD,,Non-Farm Employment Change,353K,187K,333K
,,2024,FriFeb 2,,USD,,Unemployment Rate,3.7%,3.8%,3.7%
,,2024,FriFeb 2,4:00pm,USD,,Revised UoM Consumer Sentiment,79.0,78.9,78.8
,,2024,FriFeb 2,,USD,,Factory Orders m/m,0.2%,0.3%,2.6%
,,2024,FriFeb 2,,USD,,Revised UoM Inflation Expectations,2.9%,,2.9%
,,2024,MonFeb 5,,USD,,FOMC Member Powell Speaks,,,
,,2024,MonFeb 5,3:45pm,USD,,Final Services PMI,52.5,52.9,52.9
,,2024,MonFeb 5,4:00pm,USD,,ISM Services PMI,53.4,52.0,50.6
,,2024,MonFeb 5,8:00pm,USD,,FOMC Member Bostic Speaks,,,
,,2024,MonFeb 5,,USD,,Loan Officer Survey,,,
,,2024,TueFeb 6,12:30am,JPY,,Average Cash Earnings y/y,1.0%,1.3%,0.7%
,,2024,TueFeb 6,,JPY,,Household Spending y/y,-2.5%,-2.0%,-2.9%
,,2024,TueFeb 6,4:06pm,USD,,RCM/TIPP Economic Optimism,44.0,47.2,44.7
,,2024,TueFeb 6,6:00pm,USD,,FOMC Member Mester Speaks,,,
,,2024,TueFeb 6,10:30pm,USD,,API Weekly Statistical Bulletin,,,
,,2024,WedFeb 7,4:35am,JPY,,30-y Bond Auction,1.79|3.2,,1.63|3.0
,,2024,WedFeb 7,6:00am,JPY,,Leading Indicators,110.0%,109.4%,108.1%
,,2024,WedFeb 7,,USD,,Trade Balance,-62.2B,-62.0B,-61.9B
,,2024,WedFeb 7,4:30pm,USD,,Crude Oil Inventories,5.5M,1.7M,1.2M
,,2024,WedFeb 7,5:00pm,USD,,FOMC Member Kugler Speaks,,,
,,2024,WedFeb 7,6:30pm,USD,,FOMC Member Barkin Speaks,,,
,,2024,WedFeb 7,7:01pm,USD,,10-y Bond Auction,4.09|2.6,,4.02|2.6
,,2024,WedFeb 7,8:00pm,USD,,FOMC Member Bowman Speaks,,,
,,2024,WedFeb 7,9:00pm,USD,,Consumer Credit m/m,1.6B,14.9B,23.5B
,,2024,ThuFeb 8,12:50am,JPY,,Bank Lending y/y,3.1%,3.2%,3.0%
,,2024,ThuFeb 8,,JPY,,Current Account,1.81T,1.93T,1.89T
,,2024,ThuFeb 8,6:00am,JPY,,Economy Watchers Sentiment,50.2,50.3,50.7
,,2024,ThuFeb 8,2:30pm,USD,,Unemployment Claims,218K,221K,227K
,,2024,ThuFeb 8,,USD,,FOMC Member Barkin Speaks,,,
,,2024,ThuFeb 8,,USD,,Final Wholesale Inventories m/m,0.4%,0.4%,0.4%
,,2024,ThuFeb 8,,USD,,Mortgage Delinquencies,3.88%,,3.62%
,,2024,ThuFeb 8,4:30pm,USD,,Natural Gas Storage,-75B,-73B,-197B
,,2024,ThuFeb 8,6:05pm,USD,,FOMC Member Barkin Speaks,,,
,,2024,ThuFeb 8,7:01pm,USD,,30-y Bond Auction,4.36|2.4,,4.23|2.4
,,2024,FriFeb 9,12:50am,JPY,,M2 Money Stock y/y,2.4%,2.2%,2.3%
,,2024,MonFeb 12,All Day,JPY,,Bank Holiday,,,
,,2024,MonFeb 12,3:20pm,USD,,FOMC Member Bowman Speaks,,,
,,2024,MonFeb 12,3:45pm,USD,,Cleveland Fed Inflation Expectations,3.4%,,4.2%
,,2024,MonFeb 12,6:00pm,USD,,FOMC Member Barkin Speaks,,,
,,2024,MonFeb 12,8:00pm,USD,,Federal Budget Balance,-21.9B,-39.3B,-129.4B
,,2024,TueFeb 13,12:50am,JPY,,PPI y/y,0.2%,0.1%,0.2%
,,2024,TueFeb 13,6:58am,JPY,,Prelim Machine Tool Orders y/y,-14.1%,,-9.6%
,,2024,TueFeb 13,12:00pm,USD,,NFIB Small Business Index,89.9,92.3,91.9
,,2024,TueFeb 13,2:30pm,USD,,Core CPI m/m,0.4%,0.3%,0.3%
,,2024,TueFeb 13,,USD,,Core CPI y/y,3.9%,3.7%,3.9%
,,2024,TueFeb 13,,USD,,CPI m/m,0.3%,0.2%,0.3%
,,2024,TueFeb 13,,USD,,CPI y/y,3.1%,2.9%,3.4%
,,2024,TueFeb 13,10:30pm,USD,,API Weekly Statistical Bulletin,,,
,,2024,WedFeb 14,4:30pm,USD,,Crude Oil Inventories,12.0M,3.3M,5.5M
,,2024,WedFeb 14,10:00pm,USD,,FOMC Member Barr Speaks,,,
,,2024,ThuFeb 15,12:50am,JPY,,Prelim GDP Price Index y/y,3.8%,4.0%,5.3%
,,2024,ThuFeb 15,,JPY,,Prelim GDP q/q,-0.1%,0.2%,-0.7%
,,2024,ThuFeb 15,5:30am,JPY,,Revised Industrial Production m/m,1.4%,1.8%,1.8%
,,2024,ThuFeb 15,,USD,,Core Retail Sales m/m,-0.6%,0.2%,0.4%
,,2024,ThuFeb 15,,USD,,Empire State Manufacturing Index,-2.4,-13.7,-43.7
,,2024,ThuFeb 15,,USD,,Retail Sales m/m,-0.8%,-0.2%,0.4%
,,2024,ThuFeb 15,,USD,,Unemployment Claims,212K,219K,220K
,,2024,ThuFeb 15,,USD,,Philly Fed Manufacturing Index,5.2,-8.0,-10.6
,,2024,ThuFeb 15,,USD,,Import Prices m/m,0.8%,0.0%,-0.7%
,,2024,ThuFeb 15,3:15pm,USD,,Industrial Production m/m,-0.1%,0.2%,0.0%
,,2024,ThuFeb 15,,USD,,Capacity Utilization Rate,78.5%,78.8%,78.7%
,,2024,ThuFeb 15,4:00pm,USD,,Business Inventories m/m,0.4%,0.4%,-0.1%
,,2024,ThuFeb 15,,USD,,NAHB Housing Market Index,48,46,44
,,2024,ThuFeb 15,,USD,,Natural Gas Storage,-49B,-67B,-75B
,,2024,ThuFeb 15,7:15pm,USD,,FOMC Member Waller Speaks,,,
,,2024,ThuFeb 15,10:00pm,USD,,TIC Long-Term Purchases,160.2B,42.6B,99.7B
,,2024,FriFeb 16,1:00am,USD,,FOMC Member Bostic Speaks,,,
,,2024,FriFeb 16,5:30am,JPY,,Tertiary Industry Activity m/m,0.7%,0.2%,-1.4%
,,2024,FriFeb 16,,USD,,Core PPI m/m,0.5%,0.1%,-0.1%
,,2024,FriFeb 16,,USD,,PPI m/m,0.3%,0.1%,-0.1%
,,2024,FriFeb 16,,USD,,Building Permits,1.47M,1.51M,1.49M
,,2024,FriFeb 16,,USD,,Housing Starts,1.33M,1.45M,1.56M
,,2024,FriFeb 16,3:10pm,USD,,FOMC Member Barr Speaks,,,
,,2024,FriFeb 16,4:00pm,USD,,Prelim UoM Consumer Sentiment,79.6,80.0,79.0
,,2024,FriFeb 16,,USD,,Prelim UoM Inflation Expectations,3.0%,,2.9%
,,2024,FriFeb 16,6:45pm,USD,,FOMC Member Daly Speaks,,,
,,2024,MonFeb 19,12:50am,JPY,,Core Machinery Orders m/m,2.7%,2.7%,-4.9%
,,2024,MonFeb 19,All Day,USD,,Bank Holiday,,,
,,2024,TueFeb 20,4:00pm,USD,,CB Leading Index m/m,-0.4%,-0.3%,-0.2%
,,2024,WedFeb 21,12:50am,JPY,,Trade Balance,0.24T,-0.23T,-0.44T
,,2024,WedFeb 21,2:00pm,USD,,FOMC Member Bostic Speaks,,,
,,2024,WedFeb 21,3:10pm,USD,,FOMC Member Barkin Speaks,,,
,,2024,WedFeb 21,7:00pm,USD,,FOMC Member Bowman Speaks,,,
,,2024,WedFeb 21,8:00pm,USD,,FOMC Meeting Minutes,,,
,,2024,WedFeb 21,10:30pm,USD,,API Weekly Statistical Bulletin,,,
,,2024,ThuFeb 22,1:30am,JPY,,Flash Manufacturing PMI,47.2,48.2,48.0
,,2024,ThuFeb 22,,USD,,Unemployment Claims,201K,217K,213K
,,2024,ThuFeb 22,3:45pm,USD,,Flash Manufacturing PMI,51.5,50.5,50.7
,,2024,ThuFeb 22,,USD,,Flash Services PMI,51.3,52.4,52.5
,,2024,ThuFeb 22,4:00pm,USD,,Existing Home Sales,4.00M,3.96M,3.88M
,,2024,ThuFeb 22,,USD,,FOMC Member Jefferson Speaks,,,
,,2024,ThuFeb 22,4:30pm,USD,,Natural Gas Storage,-60B,-59B,-49B
,,2024,ThuFeb 22,5:00pm,USD,,Crude Oil Inventories,3.5M,3.9M,12.0M
,,2024,ThuFeb 22,11:00pm,USD,,FOMC Member Cook Speaks,,,
,,2024,FriFeb 23,All Day,JPY,,Bank Holiday,,,
,,2024,FriFeb 23,1:35am,USD,,FOMC Member Waller Speaks,,,
,,2024,MonFeb 26,12:50am,JPY,,SPPI y/y,2.1%,2.4%,2.4%
,,2024,MonFeb 26,4:00pm,USD,,New Home Sales,661K,680K,651K
,,2024,TueFeb 27,12:30am,JPY,,National Core CPI y/y,2.0%,1.9%,2.3%
,,2024,TueFeb 27,2:30pm,USD,,Durable Goods Orders m/m,-6.1%,-4.9%,-0.3%
,,2024,TueFeb 27,,USD,,Core Durable Goods Orders m/m,-0.3%,0.2%,0.5%
,,2024,TueFeb 27,3:00pm,USD,,S&P/CS Composite-20 HPI y/y,6.1%,6.0%,5.4%
,,2024,TueFeb 27,,USD,,HPI m/m,0.1%,0.3%,0.4%
,,2024,TueFeb 27,3:05pm,USD,,FOMC Member Barr Speaks,,,
,,2024,TueFeb 27,3:59pm,USD,,Richmond Manufacturing Index,-5,-4,-15
,,2024,TueFeb 27,4:00pm,USD,,CB Consumer Confidence,106.7,114.8,110.9
,,2024,TueFeb 27,10:30pm,USD,,API Weekly Statistical Bulletin,,,
,,2024,WedFeb 28,,USD,,Prelim GDP q/q,3.2%,3.3%,3.3%
,,2024,WedFeb 28,,USD,,Prelim GDP Price Index q/q,1.6%,1.5%,1.5%
,,2024,WedFeb 28,,USD,,Goods Trade Balance,-90.2B,-88.4B,-87.9B
,,2024,WedFeb 28,,USD,,Prelim Wholesale Inventories m/m,-0.1%,0.1%,0.4%
,,2024,WedFeb 28,,USD,,Crude Oil Inventories,4.2M,3.1M,3.5M
,,2024,WedFeb 28,6:00pm,USD,,FOMC Member Bostic Speaks,,,
,,2024,WedFeb 28,6:45pm,USD,,FOMC Member Williams Speaks,,,
,,2024,ThuFeb 29,12:50am,JPY,,Prelim Industrial Production m/m,-7.5%,-6.7%,1.4%
,,2024,ThuFeb 29,,JPY,,Retail Sales y/y,2.3%,2.0%,2.3%
,,2024,ThuFeb 29,6:00am,JPY,,Housing Starts y/y,-7.5%,-7.6%,-4.0%
,,2024,ThuFeb 29,6:02am,JPY,,BOJ Core CPI y/y,2.6%,2.3%,2.6%
,,2024,ThuFeb 29,,USD,,Core PCE Price Index m/m,0.4%,0.4%,0.1%
,,2024,ThuFeb 29,,USD,,Unemployment Claims,215K,209K,202K
,,2024,ThuFeb 29,,USD,,Personal Income m/m,1.0%,0.4%,0.3%
,,2024,ThuFeb 29,,USD,,Personal Spending m/m,0.2%,0.2%,0.7%
,,2024,ThuFeb 29,3:45pm,USD,,Chicago PMI,44.0,48.1,46.0
,,2024,ThuFeb 29,4:00pm,USD,,Pending Home Sales m/m,-4.9%,1.4%,5.7%
,,2024,ThuFeb 29,4:30pm,USD,,Natural Gas Storage,-96B,-86B,-60B
,,2024,ThuFeb 29,4:50pm,USD,,FOMC Member Bostic Speaks,,,
,,2024,ThuFeb 29,7:15pm,USD,,FOMC Member Mester Speaks,,,
,,2024,FriMar 1,12:30am,JPY,,Unemployment Rate,2.4%,2.4%,2.4%
,,2024,FriMar 1,1:30am,JPY,,Final Manufacturing PMI,47.2,47.2,47.2
,,2024,FriMar 1,2:10am,USD,,FOMC Member Williams Speaks,,,
,,2024,FriMar 1,6:00am,JPY,,Consumer Confidence,39.1,38.4,38.0
,,2024,FriMar 1,3:45pm,USD,,Final Manufacturing PMI,52.2,51.5,51.5
,,2024,FriMar 1,4:00pm,USD,,ISM Manufacturing PMI,47.8,49.5,49.1
,,2024,FriMar 1,,USD,,Revised UoM Consumer Sentiment,76.9,79.6,79.6
,,2024,FriMar 1,,USD,,ISM Manufacturing Prices,52.5,53.5,52.9
,,2024,FriMar 1,,USD,,Construction Spending m/m,-0.2%,0.2%,1.1%
,,2024,FriMar 1,,USD,,Revised UoM Inflation Expectations,3.0%,,3.0%
,,2024,FriMar 1,4:15pm,USD,,FOMC Member Waller Speaks,,,
,,2024,FriMar 1,All Day,USD,,Omdia Total Vehicle Sales,15.8M,15.4M,15.0M
,,2024,FriMar 1,5:00pm,USD,,Fed Monetary Policy Report,,,
,,2024,FriMar 1,6:15pm,USD,,FOMC Member Bostic Speaks,,,
,,2024,FriMar 1,7:30pm,USD,,FOMC Member Daly Speaks,,,
,,2024,FriMar 1,9:30pm,USD,,FOMC Member Kugler Speaks,,,
,,2024,MonMar 4,12:50am,JPY,,Capital Spending q/y,16.4%,2.9%,3.4%
,,2024,MonMar 4,,JPY,,Monetary Base y/y,2.4%,4.7%,4.8%
,,2024,TueMar 5,12:30am,JPY,,Tokyo Core CPI y/y,2.5%,2.5%,1.8%
,,2024,TueMar 5,4:35am,JPY,,10-y Bond Auction,0.72|3.2,,0.74|3.6
,,2024,TueMar 5,5:00am,JPY,,BOJ Gov Ueda Speaks,,,
,,2024,TueMar 5,3:45pm,USD,,Final Services PMI,52.3,51.4,51.3
,,2024,TueMar 5,4:00pm,USD,,ISM Services PMI,52.6,53.0,53.4
,,2024,TueMar 5,,USD,,Factory Orders m/m,-3.6%,-3.1%,-0.3%
,,2024,TueMar 5,4:36pm,USD,,RCM/TIPP Economic Optimism,43.5,45.2,44.0
,,2024,TueMar 5,6:00pm,USD,,FOMC Member Barr Speaks,,,
,,2024,TueMar 5,9:30pm,USD,,FOMC Member Barr Speaks,,,
,,2024,TueMar 5,10:30pm,USD,,API Weekly Statistical Bulletin,,,
,,2024,WedMar 6,2:15pm,USD,,ADP Non-Farm Employment Change,140K,149K,111K
,,2024,WedMar 6,,USD,,Fed Chairman Powell Testifies,,,
,,2024,WedMar 6,,USD,,JOLTS Job Openings,8.86M,8.80M,8.89M
,,2024,WedMar 6,,USD,,Final Wholesale Inventories m/m,-0.3%,-0.1%,-0.1%
,,2024,WedMar 6,,USD,,Crude Oil Inventories,1.4M,2.4M,4.2M
,,2024,WedMar 6,6:00pm,USD,,FOMC Member Daly Speaks,,,
,,2024,WedMar 6,8:00pm,USD,,Beige Book,,,
,,2024,ThuMar 7,12:30am,JPY,,Average Cash Earnings y/y,2.0%,1.3%,0.8%
,,2024,ThuMar 7,4:35am,JPY,,30-y Bond Auction,1.77|2.9,,1.79|3.2
,,2024,ThuMar 7,1:30pm,USD,,Challenger Job Cuts y/y,8.8%,,-20.0%
,,2024,ThuMar 7,,USD,,Unemployment Claims,217K,217K,217K
,,2024,ThuMar 7,,USD,,Revised Nonfarm Productivity q/q,3.2%,3.1%,3.2%
,,2024,ThuMar 7,,USD,,Revised Unit Labor Costs q/q,0.4%,0.7%,0.5%
,,2024,ThuMar 7,,USD,,Trade Balance,-67.4B,-63.4B,-64.2B
,,2024,ThuMar 7,4:00pm,USD,,Fed Chairman Powell Testifies,,,
,,2024,ThuMar 7,4:30pm,USD,,Natural Gas Storage,-40B,-42B,-96B
,,2024,ThuMar 7,5:30pm,USD,,FOMC Member Mester Speaks,,,
,,2024,ThuMar 7,9:00pm,USD,,Consumer Credit m/m,19.5B,10.1B,0.9B
,,2024,FriMar 8,12:30am,JPY,,Household Spending y/y,-6.3%,-4.1%,-2.5%
,,2024,FriMar 8,12:50am,JPY,,Bank Lending y/y,3.0%,3.2%,3.1%
,,2024,FriMar 8,,JPY,,Current Account,2.73T,2.07T,1.81T
,,2024,FriMar 8,3:00am,USD,,President Biden Speaks,,,
,,2024,FriMar 8,6:00am,JPY,,Leading Indicators,109.9%,109.7%,110.2%
,,2024,FriMar 8,7:00am,JPY,,Economy Watchers Sentiment,51.3,50.6,50.2
,,2024,FriMar 8,1:00pm,USD,,FOMC Member Williams Speaks,,,
,,2024,FriMar 8,,USD,,Average Hourly Earnings m/m,0.1%,0.2%,0.5%
,,2024,FriMar 8,,USD,,Non-Farm Employment Change,275K,198K,229K
,,2024,FriMar 8,,USD,,Unemployment Rate,3.9%,3.7%,3.7%
,,2024,SunMar 10,,USD,,Daylight Saving Time Shift,,,
,,2024,SunMar 10,11:50pm,JPY,,Final GDP q/q,0.1%,0.3%,-0.1%
,,2024,SunMar 10,,JPY,,Final GDP Price Index y/y,3.9%,3.8%,3.8%
,,2024,SunMar 10,,JPY,,M2 Money Stock y/y,2.5%,2.4%,2.5%
,,2024,MonMar 11,5:59am,JPY,,Prelim Machine Tool Orders y/y,-8.0%,,-14.0%
,,2024,MonMar 11,11:50pm,JPY,,BSI Manufacturing Index,-6.7,6.2,5.7
,,2024,MonMar 11,,JPY,,PPI y/y,0.6%,0.6%,0.2%
,,2024,TueMar 12,10:00am,USD,,NFIB Small Business Index,89.4,90.5,89.9
,,2024,TueMar 12,12:30pm,USD,,Core CPI m/m,0.4%,0.3%,0.4%
,,2024,TueMar 12,,USD,,Core CPI y/y,3.8%,3.7%,3.9%
,,2024,TueMar 12,,USD,,CPI m/m,0.4%,0.4%,0.3%
,,2024,TueMar 12,,USD,,CPI y/y,3.2%,3.1%,3.1%
,,2024,TueMar 12,5:01pm,USD,,10-y Bond Auction,4.17|2.5,,4.09|2.6
,,2024,TueMar 12,6:00pm,USD,,Federal Budget Balance,-296.3B,-298.5B,-21.9B
,,2024,TueMar 12,8:30pm,USD,,API Weekly Statistical Bulletin,,,
,,2024,WedMar 13,2:30pm,USD,,Crude Oil Inventories,-1.5M,0.9M,1.4M
,,2024,WedMar 13,5:01pm,USD,,30-y Bond Auction,4.33|2.5,,4.36|2.4
,,2024,ThuMar 14,,USD,,Core PPI m/m,0.3%,0.2%,0.5%
,,2024,ThuMar 14,,USD,,Core Retail Sales m/m,0.3%,0.5%,-0.8%
,,2024,ThuMar 14,,USD,,PPI m/m,0.6%,0.3%,0.3%
,,2024,ThuMar 14,,USD,,Retail Sales m/m,0.6%,0.8%,-1.1%
,,2024,ThuMar 14,,USD,,Unemployment Claims,209K,218K,210K
,,2024,ThuMar 14,2:00pm,USD,,Business Inventories m/m,0.0%,0.2%,0.3%
,,2024,ThuMar 14,2:30pm,USD,,Natural Gas Storage,-9B,-3B,-40B
,,2024,FriMar 15,4:30am,JPY,,Tertiary Industry Activity m/m,0.3%,0.1%,0.5%
,,2024,FriMar 15,,USD,,Empire State Manufacturing Index,-20.9,-7.0,-2.4
,,2024,FriMar 15,,USD,,Import Prices m/m,0.3%,0.3%,0.8%
,,2024,FriMar 15,1:15pm,USD,,Industrial Production m/m,0.1%,0.0%,-0.5%
,,2024,FriMar 15,,USD,,Capacity Utilization Rate,78.3%,78.5%,78.3%
,,2024,FriMar 15,2:00pm,USD,,Prelim UoM Consumer Sentiment,76.5,77.1,76.9
,,2024,FriMar 15,,USD,,Prelim UoM Inflation Expectations,3.0%,,3.0%
,,2024,SunMar 17,11:50pm,JPY,,Core Machinery Orders m/m,-1.7%,-0.7%,2.7%
,,2024,MonMar 18,2:00pm,USD,,NAHB Housing Market Index,51,48,48
,,2024,TueMar 19,3:36am,JPY,,BOJ Policy Rate,<0.10%,-0.10%,-0.10%
,,2024,TueMar 19,,JPY,,Monetary Policy Statement,,,
,,2024,TueMar 19,,JPY,,Revised Industrial Production m/m,-6.7%,-7.5%,-7.5%
,,2024,TueMar 19,6:30am,JPY,,BOJ Press Conference,,,
,,2024,TueMar 19,,USD,,Building Permits,1.52M,1.50M,1.49M
,,2024,TueMar 19,,USD,,Housing Starts,1.52M,1.43M,1.37M
,,2024,TueMar 19,8:00pm,USD,,TIC Long-Term Purchases,36.1B,95.5B,158.6B
,,2024,TueMar 19,8:30pm,USD,,API Weekly Statistical Bulletin,,,
,,2024,TueMar 19,All Day,JPY,,Bank Holiday,,,
,,2024,WedMar 20,,USD,,Crude Oil Inventories,-2.0M,-0.9M,-1.5M
,,2024,WedMar 20,6:00pm,USD,,Federal Funds Rate,5.50%,5.50%,5.50%
,,2024,WedMar 20,,USD,,FOMC Economic Projections,,,
,,2024,WedMar 20,,USD,,FOMC Statement,,,
,,2024,WedMar 20,6:30pm,USD,,FOMC Press Conference,,,
,,2024,WedMar 20,11:50pm,JPY,,Trade Balance,-0.45T,-0.83T,0.01T
,,2024,ThuMar 21,,JPY,,Flash Manufacturing PMI,48.2,47.5,47.2
,,2024,ThuMar 21,,USD,,Unemployment Claims,210K,212K,212K
,,2024,ThuMar 21,,USD,,Philly Fed Manufacturing Index,3.2,-2.6,5.2
,,2024,ThuMar 21,,USD,,Current Account,-195B,-209B,-196B
,,2024,ThuMar 21,1:45pm,USD,,Flash Manufacturing PMI,52.5,51.8,52.2
,,2024,ThuMar 21,,USD,,Flash Services PMI,51.7,52.0,52.3
,,2024,ThuMar 21,2:00pm,USD,,Existing Home Sales,4.38M,3.95M,4.00M
,,2024,ThuMar 21,,USD,,CB Leading Index m/m,0.1%,-0.1%,-0.4%
,,2024,ThuMar 21,2:30pm,USD,,Natural Gas Storage,7B,5B,-9B
,,2024,ThuMar 21,4:00pm,USD,,FOMC Member Barr Speaks,,,
,,2024,ThuMar 21,11:30pm,JPY,,National Core CPI y/y,2.8%,2.8%,2.0%
,,2024,FriMar 22,,USD,,FOMC Member Powell Speaks,,,
,,2024,FriMar 22,4:15pm,USD,,FOMC Member Barr Speaks,,,
,,2024,FriMar 22,8:00pm,USD,,FOMC Member Bostic Speaks,,,
,,2024,SunMar 24,11:50pm,JPY,,Monetary Policy Meeting Minutes,,,
,,2024,MonMar 25,12:25pm,USD,,FOMC Member Bostic Speaks,,,
,,2024,MonMar 25,2:00pm,USD,,New Home Sales,662K,675K,664K
,,2024,MonMar 25,2:30pm,USD,,FOMC Member Cook Speaks,,,
,,2024,MonMar 25,11:50pm,JPY,,SPPI y/y,2.1%,2.1%,2.1%
,,2024,TueMar 26,5:00am,JPY,,BOJ Core CPI y/y,2.3%,2.5%,2.6%
,,2024,TueMar 26,12:30pm,USD,,Core Durable Goods Orders m/m,0.5%,0.4%,-0.4%
,,2024,TueMar 26,,USD,,Durable Goods Orders m/m,1.4%,1.2%,-6.2%
,,2024,TueMar 26,1:00pm,USD,,S&P/CS Composite-20 HPI y/y,6.6%,6.6%,6.2%
,,2024,TueMar 26,,USD,,HPI m/m,-0.1%,0.2%,0.1%
,,2024,TueMar 26,1:59pm,USD,,Richmond Manufacturing Index,-11,-5,-5
,,2024,TueMar 26,2:00pm,USD,,CB Consumer Confidence,104.7,106.9,104.8
,,2024,TueMar 26,8:30pm,USD,,API Weekly Statistical Bulletin,,,
,,2024,WedMar 27,2:30pm,USD,,Crude Oil Inventories,3.2M,-0.7M,-2.0M
,,2024,WedMar 27,10:00pm,USD,,FOMC Member Waller Speaks,,,
,,2024,WedMar 27,11:50pm,JPY,,BOJ Summary of Opinions,,,
,,2024,ThuMar 28,,USD,,Final GDP q/q,3.4%,3.2%,3.2%
,,2024,ThuMar 28,,USD,,Unemployment Claims,210K,212K,212K
,,2024,ThuMar 28,,USD,,Final GDP Price Index q/q,1.6%,1.6%,1.6%
,,2024,ThuMar 28,1:45pm,USD,,Chicago PMI,41.4,45.9,44.0
,,2024,ThuMar 28,2:00pm,USD,,Pending Home Sales m/m,1.6%,1.4%,-4.7%
,,2024,ThuMar 28,,USD,,Revised UoM Consumer Sentiment,79.4,76.5,76.5
,,2024,ThuMar 28,,USD,,Revised UoM Inflation Expectations,2.9%,,3.0%
,,2024,ThuMar 28,2:30pm,USD,,Natural Gas Storage,-36B,-26B,7B
,,2024,ThuMar 28,11:30pm,JPY,,Tokyo Core CPI y/y,2.4%,2.4%,2.5%
,,2024,ThuMar 28,,JPY,,Unemployment Rate,2.6%,2.4%,2.4%
,,2024,ThuMar 28,11:50pm,JPY,,Prelim Industrial Production m/m,-0.1%,1.2%,-6.7%
,,2024,ThuMar 28,,JPY,,Retail Sales y/y,4.6%,2.8%,2.1%
,,2024,FriMar 29,5:00am,JPY,,Housing Starts y/y,-8.2%,-5.4%,-7.5%
,,2024,FriMar 29,12:30pm,USD,,Core PCE Price Index m/m,0.3%,0.3%,0.5%
,,2024,FriMar 29,,USD,,Goods Trade Balance,-91.8B,-90.1B,-90.5B
,,2024,FriMar 29,,USD,,Personal Income m/m,0.3%,0.4%,1.0%
,,2024,FriMar 29,,USD,,Personal Spending m/m,0.8%,0.5%,0.2%
,,2024,FriMar 29,,USD,,Prelim Wholesale Inventories m/m,0.5%,0.2%,-0.3%
,,2024,FriMar 29,3:20pm,USD,,FOMC Member Daly Speaks,,,
,,2024,FriMar 29,3:30pm,USD,,FOMC Member Powell Speaks,,,
,,2024,SunMar 31,11:50pm,JPY,,Tankan Manufacturing Index,11,10,12
,,2024,SunMar 31,,JPY,,Tankan Non-Manufacturing Index,34,31,30
,,2024,MonApr 1,12:30am,JPY,,Final Manufacturing PMI,48.2,48.2,48.2
,,2024,MonApr 1,1:45pm,USD,,Final Manufacturing PMI,51.9,52.5,52.5
,,2024,MonApr 1,2:00pm,USD,,ISM Manufacturing PMI,50.3,48.5,47.8
,,2024,MonApr 1,,USD,,ISM Manufacturing Prices,55.8,53.3,52.5
,,2024,MonApr 1,,USD,,Construction Spending m/m,-0.3%,0.7%,-0.2%
,,2024,MonApr 1,10:50pm,USD,,FOMC Member Cook Speaks,,,
,,2024,MonApr 1,11:50pm,JPY,,Monetary Base y/y,1.6%,2.5%,2.4%
,,2024,TueApr 2,3:35am,JPY,,10-y Bond Auction,0.75|3.8,,0.72|3.2
,,2024,TueApr 2,2:00pm,USD,,JOLTS Job Openings,8.76M,8.76M,8.75M
,,2024,TueApr 2,,USD,,Factory Orders m/m,1.4%,1.1%,-3.8%
,,2024,TueApr 2,2:10pm,USD,,FOMC Member Bowman Speaks,,,
,,2024,TueApr 2,All Day,USD,,Omdia Total Vehicle Sales,15.5M,15.9M,15.8M
,,2024,TueApr 2,4:00pm,USD,,FOMC Member Williams Speaks,,,
,,2024,TueApr 2,4:05pm,USD,,FOMC Member Mester Speaks,,,
,,2024,TueApr 2,5:30pm,USD,,FOMC Member Daly Speaks,,,
,,2024,TueApr 2,8:30pm,USD,,API Weekly Statistical Bulletin,,,
,,2024,WedApr 3,12:15pm,USD,,ADP Non-Farm Employment Change,184K,148K,155K
,,2024,WedApr 3,12:30pm,USD,,FOMC Member Bostic Speaks,,,
,,2024,WedApr 3,1:45pm,USD,,Final Services PMI,51.7,51.7,51.7
,,2024,WedApr 3,,USD,,FOMC Member Bowman Speaks,,,
,,2024,WedApr 3,2:00pm,USD,,ISM Services PMI,51.4,52.8,52.6
,,2024,WedApr 3,2:30pm,USD,,Crude Oil Inventories,3.2M,-0.3M,3.2M
,,2024,WedApr 3,4:10pm,USD,,FOMC Member Powell Speaks,,,
,,2024,WedApr 3,5:10pm,USD,,FOMC Member Barr Speaks,,,
,,2024,WedApr 3,8:30pm,USD,,FOMC Member Kugler Speaks,,,
,,2024,ThuApr 4,3:35am,JPY,,30-y Bond Auction,1.81|3.5,,1.77|2.9
,,2024,ThuApr 4,,USD,,Challenger Job Cuts y/y,0.7%,,8.8%
,,2024,ThuApr 4,,USD,,Unemployment Claims,221K,213K,212K
,,2024,ThuApr 4,,USD,,Trade Balance,-68.9B,-66.9B,-67.6B
,,2024,ThuApr 4,2:30pm,USD,,Natural Gas Storage,-37B,-42B,-36B
,,2024,ThuApr 4,4:15pm,USD,,FOMC Member Barkin Speaks,,,
,,2024,ThuApr 4,6:00pm,USD,,FOMC Member Mester Speaks,,,
,,2024,ThuApr 4,11:30pm,JPY,,Household Spending y/y,-0.5%,-2.8%,-6.3%
,,2024,ThuApr 4,,USD,,FOMC Member Kugler Speaks,,,
,,2024,FriApr 5,5:00am,JPY,,Leading Indicators,111.8%,111.6%,109.5%
,,2024,FriApr 5,,USD,,Average Hourly Earnings m/m,0.3%,0.3%,0.2%
,,2024,FriApr 5,,USD,,Non-Farm Employment Change,303K,212K,270K
,,2024,FriApr 5,,USD,,Unemployment Rate,3.8%,3.9%,3.9%
,,2024,FriApr 5,1:15pm,USD,,FOMC Member Barkin Speaks,,,
,,2024,FriApr 5,4:30pm,USD,,FOMC Member Bowman Speaks,,,
,,2024,FriApr 5,7:00pm,USD,,Consumer Credit m/m,14.1B,16.2B,17.7B
,,2024,SunApr 7,11:30pm,JPY,,Average Cash Earnings y/y,1.8%,1.8%,1.5%
,,2024,SunApr 7,11:50pm,JPY,,Current Account,1.37T,1.99T,2.75T
,,2024,MonApr 8,5:00am,JPY,,Economy Watchers Sentiment,49.8,51.6,51.3
,,2024,TueApr 9,5:00am,JPY,,Consumer Confidence,39.5,39.6,39.1
,,2024,TueApr 9,5:58am,JPY,,Prelim Machine Tool Orders y/y,-3.8%,,-8.0%
,,2024,TueApr 9,10:00am,USD,,NFIB Small Business Index,88.5,88.8,89.4
,,2024,TueApr 9,2:06pm,USD,,RCM/TIPP Economic Optimism,43.2,44.2,43.5
,,2024,TueApr 9,8:30pm,USD,,API Weekly Statistical Bulletin,,,
,,2024,TueApr 9,11:50pm,JPY,,Bank Lending y/y,3.2%,3.1%,3.0%
,,2024,TueApr 9,,JPY,,PPI y/y,0.8%,0.8%,0.7%
,,2024,WedApr 10,,USD,,Core CPI m/m,0.4%,0.3%,0.4%
,,2024,WedApr 10,,USD,,Core CPI y/y,3.8%,3.7%,3.8%
,,2024,WedApr 10,,USD,,CPI m/m,0.4%,0.3%,0.4%
,,2024,WedApr 10,,USD,,CPI y/y,3.5%,3.4%,3.2%
,,2024,WedApr 10,12:45pm,USD,,FOMC Member Bowman Speaks,,,
,,2024,WedApr 10,2:00pm,USD,,Final Wholesale Inventories m/m,0.5%,0.5%,0.5%
,,2024,WedApr 10,,USD,,Crude Oil Inventories,5.8M,0.9M,3.2M
,,2024,WedApr 10,4:45pm,USD,,FOMC Member Barkin Speaks,,,
,,2024,WedApr 10,5:01pm,USD,,10-y Bond Auction,4.56|2.3,,4.17|2.5
,,2024,WedApr 10,6:00pm,USD,,FOMC Meeting Minutes,,,
,,2024,WedApr 10,,USD,,Federal Budget Balance,-236.5B,-209.4B,-296.3B
,,2024,WedApr 10,11:50pm,JPY,,M2 Money Stock y/y,2.5%,2.4%,2.4%
,,2024,ThuApr 11,12:30pm,USD,,Core PPI m/m,0.2%,0.2%,0.3%
,,2024,ThuApr 11,,USD,,PPI m/m,0.2%,0.3%,0.6%
,,2024,ThuApr 11,,USD,,Unemployment Claims,211K,216K,222k
,,2024,ThuApr 11,,USD,,FOMC Member Williams Speaks,,,
,,2024,ThuApr 11,2:00pm,USD,,FOMC Member Barkin Speaks,,,
,,2024,ThuApr 11,2:30pm,USD,,Natural Gas Storage,24B,14B,-37B
,,2024,ThuApr 11,5:01pm,USD,,30-y Bond Auction,4.67|2.4,,4.33|2.5
,,2024,ThuApr 11,5:30pm,USD,,FOMC Member Bostic Speaks,,,
,,2024,FriApr 12,4:30am,JPY,,Revised Industrial Production m/m,-0.6%,-0.1%,-0.1%
,,2024,FriApr 12,12:30pm,USD,,Import Prices m/m,0.4%,0.3%,0.3%
,,2024,FriApr 12,2:00pm,USD,,Prelim UoM Consumer Sentiment,77.9,79.0,79.4
,,2024,FriApr 12,,USD,,Prelim UoM Inflation Expectations,3.1%,,2.9%
,,2024,FriApr 12,6:30pm,USD,,FOMC Member Bostic Speaks,,,
,,2024,FriApr 12,7:30pm,USD,,FOMC Member Daly Speaks,,,
,,2024,MonApr 15,12:50am,JPY,,Core Machinery Orders m/m,7.7%,0.8%,-1.7%
,,2024,MonApr 15,,USD,,Core Retail Sales m/m,1.1%,0.5%,0.6%
,,2024,MonApr 15,,USD,,Empire State Manufacturing Index,-14.3,-5.2,-20.9
,,2024,MonApr 15,,USD,,Retail Sales m/m,0.7%,0.4%,0.9%
,,2024,MonApr 15,,USD,,FOMC Member Williams Speaks,,,
,,2024,MonApr 15,3:00pm,USD,,Business Inventories m/m,0.4%,0.3%,0.0%
,,2024,MonApr 15,,USD,,NAHB Housing Market Index,51,51,51
,,2024,TueApr 16,1:00am,USD,,FOMC Member Daly Speaks,,,
,,2024,TueApr 16,,USD,,Building Permits,1.46M,1.51M,1.52M
,,2024,TueApr 16,,USD,,Housing Starts,1.32M,1.48M,1.55M
,,2024,TueApr 16,2:00pm,USD,,FOMC Member Jefferson Speaks,,,
,,2024,TueApr 16,2:15pm,USD,,Industrial Production m/m,0.4%,0.4%,0.4%
,,2024,TueApr 16,,USD,,Capacity Utilization Rate,78.4%,78.5%,78.2%
,,2024,TueApr 16,5:30pm,USD,,FOMC Member Williams Speaks,,,
,,2024,TueApr 16,,USD,,FOMC Member Barkin Speaks,,,
,,2024,TueApr 16,,USD,,FOMC Member Powell Speaks,,,
,,2024,TueApr 16,9:30pm,USD,,API Weekly Statistical Bulletin,,,
,,2024,WedApr 17,12:50am,JPY,,Trade Balance,-0.70T,-0.30T,-0.57T
,,2024,WedApr 17,3:30pm,USD,,Crude Oil Inventories,2.7M,1.6M,5.8M
,,2024,WedApr 17,,USD,,Beige Book,,,
,,2024,WedApr 17,9:00pm,USD,,TIC Long-Term Purchases,71.5B,40.2B,14.0B
,,2024,WedApr 17,10:30pm,USD,,FOMC Member Mester Speaks,,,
,,2024,WedApr 17,11:30pm,USD,,FOMC Member Bowman Speaks,,,
,,2024,ThuApr 18,5:30am,JPY,,Tertiary Industry Activity m/m,1.5%,0.4%,-0.5%
,,2024,ThuApr 18,1:30pm,USD,,Unemployment Claims,212K,215K,212K
,,2024,ThuApr 18,,USD,,Philly Fed Manufacturing Index,15.5,1.5,3.2
,,2024,ThuApr 18,2:05pm,USD,,FOMC Member Bowman Speaks,,,
,,2024,ThuApr 18,2:15pm,USD,,FOMC Member Bowman Speaks,,,
,,2024,ThuApr 18,,USD,,FOMC Member Williams Speaks,,,
,,2024,ThuApr 18,3:00pm,USD,,Existing Home Sales,4.19M,4.20M,4.38M
,,2024,ThuApr 18,,USD,,CB Leading Index m/m,-0.3%,-0.1%,0.2%
,,2024,ThuApr 18,3:30pm,USD,,Natural Gas Storage,50B,54B,24B
,,2024,ThuApr 18,4:00pm,USD,,FOMC Member Bostic Speaks,,,
,,2024,ThuApr 18,10:45pm,USD,,FOMC Member Bostic Speaks,,,
,,2024,FriApr 19,12:30am,JPY,,National Core CPI y/y,2.6%,2.7%,2.8%
,,2024,FriApr 19,9:00pm,USD,,FOMC Financial Stability Report,,,
,,2024,TueApr 23,1:30am,JPY,,Flash Manufacturing PMI,49.9,48.0,48.2
,,2024,TueApr 23,6:00am,JPY,,BOJ Core CPI y/y,2.2%,2.3%,2.3%
,,2024,TueApr 23,2:45pm,USD,,Flash Manufacturing PMI,49.9,52.0,51.9
,,2024,TueApr 23,,USD,,Flash Services PMI,50.9,52.0,51.7
,,2024,TueApr 23,2:59pm,USD,,Richmond Manufacturing Index,-7,-7,-11
,,2024,TueApr 23,3:00pm,USD,,New Home Sales,693K,668K,637K
,,2024,TueApr 23,9:30pm,USD,,API Weekly Statistical Bulletin,,,
,,2024,WedApr 24,12:50am,JPY,,SPPI y/y,2.3%,2.1%,2.2%
,,2024,WedApr 24,,USD,,Core Durable Goods Orders m/m,0.2%,0.3%,0.3%
,,2024,WedApr 24,,USD,,Durable Goods Orders m/m,2.6%,2.5%,1.3%
,,2024,WedApr 24,3:30pm,USD,,Crude Oil Inventories,-6.4M,1.6M,2.7M
,,2024,ThuApr 25,1:30pm,USD,,Advance GDP q/q,1.6%,2.5%,3.4%
,,2024,ThuApr 25,,USD,,Unemployment Claims,207K,214K,212K
,,2024,ThuApr 25,,USD,,Advance GDP Price Index q/q,3.1%,3.0%,1.6%
,,2024,ThuApr 25,,USD,,Goods Trade Balance,-91.8B,-91.1B,-90.3B
,,2024,ThuApr 25,,USD,,Prelim Wholesale Inventories m/m,-0.4%,0.2%,0.4%
,,2024,ThuApr 25,3:00pm,USD,,Pending Home Sales m/m,3.4%,0.3%,1.6%
,,2024,ThuApr 25,3:30pm,USD,,Natural Gas Storage,92B,87B,50B
,,2024,FriApr 26,12:30am,JPY,,Tokyo Core CPI y/y,1.6%,2.2%,2.4%
,,2024,FriApr 26,4:22am,JPY,,BOJ Outlook Report,,,
,,2024,FriApr 26,,JPY,,BOJ Policy Rate,<0.10%,<0.10%,<0.10%
,,2024,FriApr 26,,JPY,,Monetary Policy Statement,,,
,,2024,FriApr 26,7:30am,JPY,,BOJ Press Conference,,,
,,2024,FriApr 26,1:30pm,USD,,Core PCE Price Index m/m,0.3%,0.3%,0.3%
,,2024,FriApr 26,,USD,,Personal Income m/m,0.5%,0.5%,0.3%
,,2024,FriApr 26,,USD,,Personal Spending m/m,0.8%,0.6%,0.8%
,,2024,FriApr 26,3:00pm,USD,,Revised UoM Consumer Sentiment,77.2,77.9,77.9
,,2024,FriApr 26,,USD,,Revised UoM Inflation Expectations,3.2%,,3.1%
,,2024,MonApr 29,All Day,JPY,,Bank Holiday,,,
,,2024,TueApr 30,12:30am,JPY,,Unemployment Rate,2.6%,2.5%,2.6%
,,2024,TueApr 30,12:50am,JPY,,Prelim Industrial Production m/m,3.8%,3.4%,-0.6%
,,2024,TueApr 30,,JPY,,Retail Sales y/y,1.2%,2.5%,4.7%
,,2024,TueApr 30,6:00am,JPY,,Housing Starts y/y,-12.8%,-7.6%,-8.2%
,,2024,TueApr 30,,USD,,Employment Cost Index q/q,1.2%,1.0%,0.9%
,,2024,TueApr 30,2:00pm,USD,,S&P/CS Composite-20 HPI y/y,7.3%,6.7%,6.6%
,,2024,TueApr 30,,USD,,HPI m/m,1.2%,0.1%,-0.1%
,,2024,TueApr 30,2:45pm,USD,,Chicago PMI,37.9,44.9,41.4
,,2024,TueApr 30,3:00pm,USD,,CB Consumer Confidence,97.0,104.0,103.1
,,2024,TueApr 30,9:30pm,USD,,API Weekly Statistical Bulletin,,,
,,2024,WedMay 1,1:30am,JPY,,Final Manufacturing PMI,49.6,49.9,49.9
,,2024,WedMay 1,1:15pm,USD,,ADP Non-Farm Employment Change,192K,179K,208K
,,2024,WedMay 1,2:45pm,USD,,Final Manufacturing PMI,50.0,49.9,49.9
,,2024,WedMay 1,3:00pm,USD,,ISM Manufacturing PMI,49.2,50.0,50.3
,,2024,WedMay 1,,USD,,JOLTS Job Openings,8.49M,8.68M,8.81M
,,2024,WedMay 1,,USD,,ISM Manufacturing Prices,60.9,55.5,55.8
,,2024,WedMay 1,,USD,,Construction Spending m/m,-0.2%,0.3%,0.0%
,,2024,WedMay 1,All Day,USD,,Omdia Total Vehicle Sales,15.7M,15.7M,15.5M
,,2024,WedMay 1,3:30pm,USD,,Crude Oil Inventories,7.3M,-2.3M,-6.4M
,,2024,WedMay 1,7:00pm,USD,,Federal Funds Rate,5.50%,5.50%,5.50%
,,2024,WedMay 1,,USD,,FOMC Statement,,,
,,2024,WedMay 1,7:30pm,USD,,FOMC Press Conference,,,
,,2024,ThuMay 2,12:50am,JPY,,Monetary Base y/y,2.1%,1.7%,1.6%
,,2024,ThuMay 2,,JPY,,Monetary Policy Meeting Minutes,,,
,,2024,ThuMay 2,5:59am,JPY,,Consumer Confidence,38.3,39.7,39.5
,,2024,ThuMay 2,12:30pm,USD,,Challenger Job Cuts y/y,-3.3%,,0.7%
,,2024,ThuMay 2,,USD,,Unemployment Claims,208K,212K,208K
,,2024,ThuMay 2,,USD,,Prelim Nonfarm Productivity q/q,0.3%,0.8%,3.5%
,,2024,ThuMay 2,,USD,,Prelim Unit Labor Costs q/q,4.7%,3.6%,0.4%
,,2024,ThuMay 2,,USD,,Trade Balance,-69.4B,-69.5B,-69.5B
,,2024,ThuMay 2,3:00pm,USD,,Factory Orders m/m,1.6%,1.6%,1.2%
,,2024,ThuMay 2,3:30pm,USD,,Natural Gas Storage,59B,68B,92B
,,2024,FriMay 3,All Day,JPY,,Bank Holiday,,,
,,2024,FriMay 3,1:30pm,USD,,Average Hourly Earnings m/m,0.2%,0.3%,0.3%
,,2024,FriMay 3,,USD,,Non-Farm Employment Change,175K,238K,315K
,,2024,FriMay 3,,USD,,Unemployment Rate,3.9%,3.8%,3.8%
,,2024,FriMay 3,2:45pm,USD,,Final Services PMI,51.3,50.9,50.9
,,2024,FriMay 3,,USD,,FOMC Member Bowman Speaks,,,
,,2024,FriMay 3,3:00pm,USD,,ISM Services PMI,49.4,52.0,51.4
,,2024,SatMay 4,1:15am,USD,,FOMC Member Williams Speaks,,,
,,2024,SatMay 4,2:20pm,USD,,FOMC Member Cook Speaks,,,
,,2024,MonMay 6,All Day,JPY,,Bank Holiday,,,
,,2024,MonMay 6,5:50pm,USD,,FOMC Member Barkin Speaks,,,
,,2024,MonMay 6,6:00pm,USD,,FOMC Member Williams Speaks,,,
,,2024,MonMay 6,7:00pm,USD,,Loan Officer Survey,,,
,,2024,TueMay 7,3:06pm,USD,,RCM/TIPP Economic Optimism,41.8,44.1,43.2
,,2024,TueMay 7,8:00pm,USD,,Consumer Credit m/m,6.3B,14.8B,15.0B
,,2024,TueMay 7,9:30pm,USD,,API Weekly Statistical Bulletin,,,
,,2024,WedMay 8,4:35am,JPY,,10-y Bond Auction,0.86|3.2,,0.75|3.8
,,2024,WedMay 8,3:00pm,USD,,Final Wholesale Inventories m/m,-0.4%,-0.4%,-0.4%
,,2024,WedMay 8,3:30pm,USD,,Crude Oil Inventories,-1.4M,-1.0M,7.3M
,,2024,WedMay 8,4:00pm,USD,,FOMC Member Jefferson Speaks,,,
,,2024,WedMay 8,6:01pm,USD,,10-y Bond Auction,4.48|2.5,,4.56|2.3
,,2024,WedMay 8,6:30pm,USD,,FOMC Member Cook Speaks,,,
,,2024,ThuMay 9,12:30am,JPY,,Average Cash Earnings y/y,0.6%,1.5%,1.4%
,,2024,ThuMay 9,12:50am,JPY,,BOJ Summary of Opinions,,,
,,2024,ThuMay 9,6:00am,JPY,,Leading Indicators,111.4%,111.3%,112.1%
,,2024,ThuMay 9,1:30pm,USD,,Unemployment Claims,231K,212K,209K
,,2024,ThuMay 9,3:30pm,USD,,Natural Gas Storage,79B,87B,59B
,,2024,ThuMay 9,6:01pm,USD,,30-y Bond Auction,4.64|2.4,,4.67|2.4
,,2024,ThuMay 9,7:00pm,USD,,FOMC Member Daly Speaks,,,
,,2024,FriMay 10,12:30am,JPY,,Household Spending y/y,-1.2%,-2.3%,-0.5%
,,2024,FriMay 10,12:50am,JPY,,Bank Lending y/y,3.1%,3.1%,3.2%
,,2024,FriMay 10,,JPY,,Current Account,2.01T,2.04T,1.41T
,,2024,FriMay 10,4:35am,JPY,,30-y Bond Auction,1.99|3.2,,1.81|3.5
,,2024,FriMay 10,6:00am,JPY,,Economy Watchers Sentiment,47.4,50.4,49.8
,,2024,FriMay 10,2:00pm,USD,,FOMC Member Bowman Speaks,,,
,,2024,FriMay 10,3:00pm,USD,,Prelim UoM Consumer Sentiment,67.4,76.3,77.2
,,2024,FriMay 10,,USD,,Prelim UoM Inflation Expectations,3.5%,,3.2%
,,2024,FriMay 10,6:30pm,USD,,FOMC Member Barr Speaks,,,
,,2024,FriMay 10,7:00pm,USD,,Federal Budget Balance,209.5B,244.5B,-236.5B
,,2024,MonMay 13,12:50am,JPY,,M2 Money Stock y/y,2.2%,2.5%,2.5%
,,2024,MonMay 13,2:00pm,USD,,FOMC Member Jefferson Speaks,,,
,,2024,MonMay 13,,USD,,FOMC Member Mester Speaks,,,
,,2024,MonMay 13,2:45pm,USD,,Cleveland Fed Inflation Expectations,3.8%,,3.4%
,,2024,TueMay 14,12:50am,JPY,,PPI y/y,0.9%,0.9%,0.9%
,,2024,TueMay 14,6:58am,JPY,,Prelim Machine Tool Orders y/y,-11.6%,,-3.8%
,,2024,TueMay 14,11:00am,USD,,NFIB Small Business Index,89.7,88.1,88.5
,,2024,TueMay 14,,USD,,Core PPI m/m,0.5%,0.2%,-0.1%
,,2024,TueMay 14,,USD,,PPI m/m,0.5%,0.3%,-0.1%
,,2024,TueMay 14,2:10pm,USD,,FOMC Member Cook Speaks,,,
,,2024,TueMay 14,3:00pm,USD,,FOMC Member Powell Speaks,,,
,,2024,TueMay 14,9:30pm,USD,,API Weekly Statistical Bulletin,,,
,,2024,WedMay 15,,USD,,Core CPI m/m,0.3%,0.3%,0.4%
,,2024,WedMay 15,,USD,,Core CPI y/y,3.6%,3.6%,3.8%
,,2024,WedMay 15,,USD,,Core Retail Sales m/m,0.2%,0.2%,0.9%
,,2024,WedMay 15,,USD,,CPI m/m,0.3%,0.4%,0.4%
,,2024,WedMay 15,,USD,,CPI y/y,3.4%,3.4%,3.5%
,,2024,WedMay 15,,USD,,Empire State Manufacturing Index,-15.6,-9.9,-14.3
,,2024,WedMay 15,,USD,,Retail Sales m/m,0.0%,0.4%,0.6%
,,2024,WedMay 15,3:00pm,USD,,Business Inventories m/m,-0.1%,0.0%,0.3%
,,2024,WedMay 15,,USD,,FOMC Member Barr Speaks,,,
,,2024,WedMay 15,,USD,,NAHB Housing Market Index,45,51,51
,,2024,WedMay 15,,USD,,Crude Oil Inventories,-2.5M,-0.4M,-1.4M
,,2024,WedMay 15,8:20pm,USD,,FOMC Member Bowman Speaks,,,
,,2024,WedMay 15,9:00pm,USD,,TIC Long-Term Purchases,100.5B,89.3B,62.9B
,,2024,ThuMay 16,12:50am,JPY,,Prelim GDP q/q,-0.5%,-0.3%,0.1%
,,2024,ThuMay 16,,JPY,,Prelim GDP Price Index y/y,3.6%,3.3%,3.9%
,,2024,ThuMay 16,5:30am,JPY,,Revised Industrial Production m/m,4.4%,3.4%,3.8%
,,2024,ThuMay 16,1:30pm,USD,,Unemployment Claims,222K,219K,232K
,,2024,ThuMay 16,,USD,,Building Permits,1.44M,1.48M,1.49M
,,2024,ThuMay 16,,USD,,Philly Fed Manufacturing Index,4.5,7.7,15.5
,,2024,ThuMay 16,,USD,,Housing Starts,1.36M,1.42M,1.29M
,,2024,ThuMay 16,,USD,,Import Prices m/m,0.9%,0.2%,0.6%
,,2024,ThuMay 16,2:15pm,USD,,Industrial Production m/m,0.0%,0.1%,0.1%
,,2024,ThuMay 16,,USD,,Capacity Utilization Rate,78.4%,78.4%,78.5%
,,2024,ThuMay 16,3:00pm,USD,,FOMC Member Barr Speaks,,,
,,2024,ThuMay 16,3:23pm,USD,,Mortgage Delinquencies,3.94%,,3.88%
,,2024,ThuMay 16,3:30pm,USD,,Natural Gas Storage,70B,76B,79B
,,2024,ThuMay 16,5:00pm,USD,,FOMC Member Mester Speaks,,,
,,2024,ThuMay 16,8:50pm,USD,,FOMC Member Bostic Speaks,,,
,,2024,FriMay 17,3:00pm,USD,,CB Leading Index m/m,-0.6%,-0.3%,-0.3%
,,2024,FriMay 17,3:15pm,USD,,FOMC Member Waller Speaks,,,
,,2024,FriMay 17,5:15pm,USD,,FOMC Member Daly Speaks,,,
,,2024,SatMay 18,10:45pm,USD,,FOMC Member Kugler Speaks,,,
,,2024,SunMay 19,8:30pm,USD,,FOMC Member Powell Speaks,,,
,,2024,MonMay 20,5:30am,JPY,,Tertiary Industry Activity m/m,-2.4%,0.1%,2.2%
,,2024,MonMay 20,12:30pm,USD,,FOMC Member Bostic Speaks,,,
,,2024,MonMay 20,1:45pm,USD,,FOMC Member Bostic Speaks,,,
,,2024,MonMay 20,2:00pm,USD,,FOMC Member Waller Speaks,,,
,,2024,MonMay 20,,USD,,FOMC Member Barr Speaks,,,
,,2024,MonMay 20,3:30pm,USD,,FOMC Member Jefferson Speaks,,,
,,2024,MonMay 20,7:00pm,USD,,FOMC Member Mester Speaks,,,
,,2024,TueMay 21,,USD,,Treasury Sec Yellen Speaks,,,
,,2024,TueMay 21,2:00pm,USD,,FOMC Member Waller Speaks,,,
,,2024,TueMay 21,,USD,,FOMC Member Barkin Speaks,,,
,,2024,TueMay 21,2:05pm,USD,,FOMC Member Williams Speaks,,,
,,2024,TueMay 21,2:10pm,USD,,FOMC Member Bostic Speaks,,,
,,2024,TueMay 21,4:45pm,USD,,FOMC Member Barr Speaks,,,
,,2024,TueMay 21,9:30pm,USD,,API Weekly Statistical Bulletin,,,
,,2024,WedMay 22,12:00am,USD,,FOMC Member Mester Speaks,,,
,,2024,WedMay 22,12:50am,JPY,,Core Machinery Orders m/m,2.9%,-1.8%,7.7%
,,2024,WedMay 22,,JPY,,Trade Balance,-0.56T,-0.72T,-0.68T
,,2024,WedMay 22,3:00pm,USD,,Existing Home Sales,4.14M,4.21M,4.22M
,,2024,WedMay 22,3:30pm,USD,,Crude Oil Inventories,1.8M,-2.4M,-2.5M
,,2024,WedMay 22,7:00pm,USD,,FOMC Meeting Minutes,,,
,,2024,ThuMay 23,1:30am,JPY,,Flash Manufacturing PMI,50.5,49.7,49.6
,,2024,ThuMay 23,,USD,,Unemployment Claims,215K,220K,223K
,,2024,ThuMay 23,2:45pm,USD,,Flash Manufacturing PMI,50.9,50.0,50.0
,,2024,ThuMay 23,,USD,,Flash Services PMI,54.8,51.2,51.3
,,2024,ThuMay 23,,USD,,New Home Sales,634K,677K,665K
,,2024,ThuMay 23,3:30pm,USD,,Natural Gas Storage,78B,84B,70B
,,2024,ThuMay 23,8:00pm,USD,,FOMC Member Bostic Speaks,,,
,,2024,FriMay 24,12:30am,JPY,,National Core CPI y/y,2.2%,2.2%,2.6%
,,2024,FriMay 24,,USD,,Core Durable Goods Orders m/m,0.4%,0.1%,0.0%
,,2024,FriMay 24,,USD,,Durable Goods Orders m/m,0.7%,-0.9%,0.9%
,,2024,FriMay 24,2:35pm,USD,,FOMC Member Waller Speaks,,,
,,2024,FriMay 24,3:00pm,USD,,Revised UoM Consumer Sentiment,69.1,67.8,67.4
,,2024,FriMay 24,,USD,,Revised UoM Inflation Expectations,3.3%,,3.5%
,,2024,MonMay 27,1:05am,JPY,,BOJ Gov Ueda Speaks,,,
,,2024,MonMay 27,All Day,USD,,Bank Holiday,,,
,,2024,TueMay 28,12:50am,JPY,,SPPI y/y,2.8%,2.3%,2.4%
,,2024,TueMay 28,,USD,,FOMC Member Bowman Speaks,,,
,,2024,TueMay 28,,USD,,FOMC Member Mester Speaks,,,
,,2024,TueMay 28,6:00am,JPY,,BOJ Core CPI y/y,1.8%,2.2%,2.2%
,,2024,TueMay 28,2:00pm,USD,,S&P/CS Composite-20 HPI y/y,7.4%,7.3%,7.3%
,,2024,TueMay 28,,USD,,HPI m/m,0.1%,0.5%,1.2%
,,2024,TueMay 28,3:00pm,USD,,CB Consumer Confidence,102.0,96.0,97.5
,,2024,TueMay 28,6:05pm,USD,,FOMC Member Cook Speaks,,,
,,2024,TueMay 28,,USD,,FOMC Member Daly Speaks,,,
,,2024,WedMay 29,5:59am,JPY,,Consumer Confidence,36.2,39.1,38.3
,,2024,WedMay 29,2:59pm,USD,,Richmond Manufacturing Index,0,-6,-7
,,2024,WedMay 29,6:45pm,USD,,FOMC Member Williams Speaks,,,
,,2024,WedMay 29,7:00pm,USD,,Beige Book,,,
,,2024,WedMay 29,9:30pm,USD,,API Weekly Statistical Bulletin,,,
,,2024,ThuMay 30,12:00am,USD,,FOMC Member Bostic Speaks,,,
,,2024,ThuMay 30,,USD,,Prelim GDP q/q,1.3%,1.2%,1.6%
,,2024,ThuMay 30,,USD,,Unemployment Claims,219K,218K,216K
,,2024,ThuMay 30,,USD,,Prelim GDP Price Index q/q,3.0%,3.1%,3.1%
,,2024,ThuMay 30,,USD,,Goods Trade Balance,-99.4B,-91.9B,-92.3B
,,2024,ThuMay 30,,USD,,Prelim Wholesale Inventories m/m,0.2%,0.0%,-0.4%
,,2024,ThuMay 30,3:00pm,USD,,Pending Home Sales m/m,-7.7%,-1.1%,3.6%
,,2024,ThuMay 30,3:30pm,USD,,Natural Gas Storage,84B,77B,78B
,,2024,ThuMay 30,4:00pm,USD,,Crude Oil Inventories,-4.2M,-1.6M,1.8M
,,2024,ThuMay 30,5:05pm,USD,,FOMC Member Williams Speaks,,,
,,2024,FriMay 31,12:30am,JPY,,Tokyo Core CPI y/y,1.9%,1.9%,1.6%
,,2024,FriMay 31,,JPY,,Unemployment Rate,2.6%,2.6%,2.6%
,,2024,FriMay 31,12:50am,JPY,,Prelim Industrial Production m/m,-0.1%,1.5%,4.4%
,,2024,FriMay 31,,JPY,,Retail Sales y/y,2.4%,1.8%,1.1%
,,2024,FriMay 31,6:00am,JPY,,Housing Starts y/y,13.9%,-0.2%,-12.8%
,,2024,FriMay 31,,USD,,Core PCE Price Index m/m,0.2%,0.3%,0.3%
,,2024,FriMay 31,,USD,,Personal Income m/m,0.3%,0.3%,0.5%
,,2024,FriMay 31,,USD,,Personal Spending m/m,0.2%,0.3%,0.7%
,,2024,FriMay 31,2:45pm,USD,,Chicago PMI,35.4,41.1,37.9
,,2024,FriMay 31,11:15pm,USD,,FOMC Member Bostic Speaks,,,
,,2024,MonJun 3,12:50am,JPY,,Capital Spending q/y,6.8%,12.2%,16.4%
,,2024,MonJun 3,1:30am,JPY,,Final Manufacturing PMI,50.4,50.5,50.5
,,2024,MonJun 3,2:45pm,USD,,Final Manufacturing PMI,51.3,50.9,50.9
,,2024,MonJun 3,3:00pm,USD,,ISM Manufacturing PMI,48.7,49.8,49.2
,,2024,MonJun 3,,USD,,ISM Manufacturing Prices,57.0,60.0,60.9
,,2024,MonJun 3,,USD,,Construction Spending m/m,-0.1%,0.2%,-0.2%
,,2024,MonJun 3,All Day,USD,,Omdia Total Vehicle Sales,15.9M,15.8M,15.7M
,,2024,TueJun 4,12:50am,JPY,,Monetary Base y/y,0.9%,2.2%,2.1%
,,2024,TueJun 4,4:35am,JPY,,10-y Bond Auction,1.05|3.7,,0.86|3.2
,,2024,TueJun 4,3:00pm,USD,,JOLTS Job Openings,8.06M,8.37M,8.36M
,,2024,TueJun 4,,USD,,Factory Orders m/m,0.7%,0.7%,0.8%
,,2024,TueJun 4,3:02pm,USD,,RCM/TIPP Economic Optimism,40.5,45.2,41.8
,,2024,TueJun 4,9:30pm,USD,,API Weekly Statistical Bulletin,,,
,,2024,WedJun 5,12:30am,JPY,,Average Cash Earnings y/y,2.1%,1.7%,1.0%
,,2024,WedJun 5,1:15pm,USD,,ADP Non-Farm Employment Change,152K,173K,188K
,,2024,WedJun 5,,USD,,Final Services PMI,54.8,54.8,54.8
,,2024,WedJun 5,3:00pm,USD,,ISM Services PMI,53.8,51.0,49.4
,,2024,WedJun 5,,USD,,Crude Oil Inventories,1.2M,-2.1M,-4.2M
,,2024,ThuJun 6,4:35am,JPY,,30-y Bond Auction,2.16|3.6,,1.99|3.2
,,2024,ThuJun 6,12:30pm,USD,,Challenger Job Cuts y/y,-20.3%,,-3.3%
,,2024,ThuJun 6,,USD,,Unemployment Claims,229K,220K,221K
,,2024,ThuJun 6,,USD,,Revised Nonfarm Productivity q/q,0.2%,0.1%,0.3%
,,2024,ThuJun 6,,USD,,Revised Unit Labor Costs q/q,4.0%,4.8%,4.7%
,,2024,ThuJun 6,,USD,,Trade Balance,-74.6B,-76.2B,-68.6B
,,2024,ThuJun 6,3:30pm,USD,,Natural Gas Storage,98B,89B,84B
,,2024,FriJun 7,12:30am,JPY,,Household Spending y/y,0.5%,0.6%,-1.2%
,,2024,FriJun 7,6:00am,JPY,,Leading Indicators,111.6%,111.6%,112.2%
,,2024,FriJun 7,,USD,,Average Hourly Earnings m/m,0.4%,0.3%,0.2%
,,2024,FriJun 7,,USD,,Non-Farm Employment Change,272K,182K,165K
,,2024,FriJun 7,,USD,,Unemployment Rate,4.0%,3.9%,3.9%
,,2024,FriJun 7,3:00pm,USD,,Final Wholesale Inventories m/m,0.1%,0.2%,0.2%
,,2024,FriJun 7,5:00pm,USD,,FOMC Member Cook Speaks,,,
,,2024,FriJun 7,8:00pm,USD,,Consumer Credit m/m,6.4B,9.3B,-1.1B
,,2024,MonJun 10,12:50am,JPY,,Bank Lending y/y,3.0%,3.1%,3.1%
,,2024,MonJun 10,,JPY,,Current Account,2.52T,2.09T,2.01T
,,2024,MonJun 10,,JPY,,Final GDP Price Index y/y,3.4%,3.6%,3.6%
,,2024,MonJun 10,,JPY,,Final GDP q/q,-0.5%,-0.5%,-0.5%
,,2024,MonJun 10,6:00am,JPY,,Economy Watchers Sentiment,45.7,48.6,47.4
,,2024,TueJun 11,12:50am,JPY,,M2 Money Stock y/y,1.9%,2.1%,2.2%
,,2024,TueJun 11,6:58am,JPY,,Prelim Machine Tool Orders y/y,4.2%,,-8.9%
,,2024,TueJun 11,11:00am,USD,,NFIB Small Business Index,90.5,89.8,89.7
,,2024,TueJun 11,6:01pm,USD,,10-y Bond Auction,4.44|2.7,,4.48|2.5
,,2024,TueJun 11,9:30pm,USD,,API Weekly Statistical Bulletin,,,
,,2024,WedJun 12,12:50am,JPY,,PPI y/y,2.4%,2.0%,1.1%
,,2024,WedJun 12,1:30pm,USD,,Core CPI m/m,0.2%,0.3%,0.3%
,,2024,WedJun 12,,USD,,Core CPI y/y,3.4%,3.5%,3.6%
,,2024,WedJun 12,,USD,,CPI m/m,0.0%,0.1%,0.3%
,,2024,WedJun 12,,USD,,CPI y/y,3.3%,3.4%,3.4%
,,2024,WedJun 12,3:30pm,USD,,Crude Oil Inventories,3.7M,-1.2M,1.2M
,,2024,WedJun 12,7:00pm,USD,,Federal Funds Rate,5.50%,5.50%,5.50%
,,2024,WedJun 12,,USD,,FOMC Economic Projections,,,
,,2024,WedJun 12,,USD,,FOMC Statement,,,
,,2024,WedJun 12,,USD,,Federal Budget Balance,-347.1B,-279.6B,209.5B
,,2024,WedJun 12,7:30pm,USD,,FOMC Press Conference,,,
,,2024,ThuJun 13,12:50am,JPY,,BSI Manufacturing Index,-1.0,-5.2,-6.7
,,2024,ThuJun 13,1:30pm,USD,,Core PPI m/m,0.0%,0.3%,0.5%
,,2024,ThuJun 13,,USD,,PPI m/m,-0.2%,0.1%,0.5%
,,2024,ThuJun 13,,USD,,Unemployment Claims,242K,225K,229K
,,2024,ThuJun 13,3:30pm,USD,,Natural Gas Storage,74B,73B,98B
,,2024,ThuJun 13,5:00pm,USD,,Treasury Sec Yellen Speaks,,,
,,2024,ThuJun 13,,USD,,FOMC Member Williams Speaks,,,
,,2024,ThuJun 13,6:01pm,USD,,30-y Bond Auction,4.40|2.5,,4.64|2.4
,,2024,FriJun 14,4:23am,JPY,,BOJ Policy Rate,<0.10%,<0.10%,<0.10%
,,2024,FriJun 14,,JPY,,Monetary Policy Statement,,,
,,2024,FriJun 14,5:29am,JPY,,Revised Industrial Production m/m,-0.9%,-0.1%,-0.1%
,,2024,FriJun 14,5:30am,JPY,,Tertiary Industry Activity m/m,1.9%,0.4%,-2.3%
,,2024,FriJun 14,7:30am,JPY,,BOJ Press Conference,,,
,,2024,FriJun 14,,USD,,Import Prices m/m,-0.4%,0.0%,0.9%
,,2024,FriJun 14,3:00pm,USD,,Prelim UoM Consumer Sentiment,65.6,72.1,69.1
,,2024,FriJun 14,,USD,,Prelim UoM Inflation Expectations,3.3%,,3.3%
,,2024,SatJun 15,12:00am,USD,,FOMC Member Cook Speaks,,,
,,2024,MonJun 17,12:50am,JPY,,Core Machinery Orders m/m,-2.9%,-2.9%,2.9%
,,2024,MonJun 17,,USD,,Empire State Manufacturing Index,-6.0,-12.5,-15.6
,,2024,TueJun 18,2:00am,USD,,FOMC Member Cook Speaks,,,
,,2024,TueJun 18,1:30pm,USD,,Core Retail Sales m/m,-0.1%,0.2%,-0.1%
,,2024,TueJun 18,,USD,,Retail Sales m/m,0.1%,0.3%,-0.2%
,,2024,TueJun 18,2:15pm,USD,,Industrial Production m/m,0.9%,0.3%,0.0%
,,2024,TueJun 18,,USD,,Capacity Utilization Rate,78.7%,78.6%,78.2%
,,2024,TueJun 18,3:00pm,USD,,Business Inventories m/m,0.3%,0.3%,-0.1%
,,2024,TueJun 18,,USD,,FOMC Member Barkin Speaks,,,
,,2024,TueJun 18,6:00pm,USD,,FOMC Member Kugler Speaks,,,
,,2024,TueJun 18,9:00pm,USD,,TIC Long-Term Purchases,123.1B,69.3B,102.6B
,,2024,TueJun 18,9:30pm,USD,,API Weekly Statistical Bulletin,,,
,,2024,WedJun 19,12:50am,JPY,,Monetary Policy Meeting Minutes,,,
,,2024,WedJun 19,,JPY,,Trade Balance,-0.62T,-0.64T,-0.58T
,,2024,WedJun 19,All Day,USD,,Bank Holiday,,,
,,2024,WedJun 19,3:00pm,USD,,NAHB Housing Market Index,43,45,45
,,2024,ThuJun 20,,USD,,Unemployment Claims,238K,235K,243K
,,2024,ThuJun 20,,USD,,Building Permits,1.39M,1.45M,1.44M
,,2024,ThuJun 20,,USD,,Philly Fed Manufacturing Index,1.3,4.8,4.5
,,2024,ThuJun 20,,USD,,Current Account,-238B,-207B,-222B
,,2024,ThuJun 20,,USD,,Housing Starts,1.28M,1.37M,1.35M
,,2024,ThuJun 20,4:00pm,USD,,Crude Oil Inventories,-2.5M,-2.8M,3.7M
,,2024,ThuJun 20,8:30pm,USD,,FOMC Member Barkin Speaks,,,
,,2024,ThuJun 20,9:00pm,USD,,Treasury Currency Report,,,
,,2024,FriJun 21,12:30am,JPY,,National Core CPI y/y,2.5%,2.6%,2.2%
,,2024,FriJun 21,1:30am,JPY,,Flash Manufacturing PMI,50.1,50.6,50.4
,,2024,FriJun 21,2:45pm,USD,,Flash Manufacturing PMI,51.7,51.0,51.3
,,2024,FriJun 21,,USD,,Flash Services PMI,55.1,53.4,54.8
,,2024,FriJun 21,3:00pm,USD,,Existing Home Sales,4.11M,4.08M,4.14M
,,2024,FriJun 21,,USD,,CB Leading Index m/m,-0.5%,-0.4%,-0.6%
,,2024,FriJun 21,3:30pm,USD,,Natural Gas Storage,71B,69B,74B
,,2024,MonJun 24,12:50am,JPY,,BOJ Summary of Opinions,,,
,,2024,MonJun 24,8:00am,USD,,FOMC Member Waller Speaks,,,
,,2024,MonJun 24,7:00pm,USD,,FOMC Member Daly Speaks,,,
,,2024,TueJun 25,12:50am,JPY,,SPPI y/y,2.5%,3.0%,2.7%
,,2024,TueJun 25,6:00am,JPY,,BOJ Core CPI y/y,2.1%,1.9%,1.8%
,,2024,TueJun 25,12:00pm,USD,,FOMC Member Bowman Speaks,,,
,,2024,TueJun 25,2:00pm,USD,,S&P/CS Composite-20 HPI y/y,7.2%,7.0%,7.5%
,,2024,TueJun 25,,USD,,HPI m/m,0.2%,0.3%,0.0%
,,2024,TueJun 25,2:59pm,USD,,Richmond Manufacturing Index,-10,-3,0
,,2024,TueJun 25,3:00pm,USD,,CB Consumer Confidence,100.4,100.0,101.3
,,2024,TueJun 25,5:00pm,USD,,FOMC Member Cook Speaks,,,
,,2024,TueJun 25,7:10pm,USD,,FOMC Member Bowman Speaks,,,
,,2024,TueJun 25,9:30pm,USD,,API Weekly Statistical Bulletin,,,
,,2024,WedJun 26,3:00pm,USD,,New Home Sales,619K,636K,698K
,,2024,WedJun 26,3:30pm,USD,,Crude Oil Inventories,3.6M,-2.6M,-2.5M
,,2024,WedJun 26,9:30pm,USD,,Bank Stress Test Results,,,
,,2024,ThuJun 27,12:50am,JPY,,Retail Sales y/y,3.0%,2.0%,2.0%
,,2024,ThuJun 27,1:30pm,USD,,Final GDP q/q,1.4%,1.4%,1.3%
,,2024,ThuJun 27,,USD,,Unemployment Claims,233K,236K,239K
,,2024,ThuJun 27,,USD,,Core Durable Goods Orders m/m,-0.1%,0.2%,0.4%
,,2024,ThuJun 27,,USD,,Durable Goods Orders m/m,0.1%,-0.5%,0.6%
,,2024,ThuJun 27,,USD,,Final GDP Price Index q/q,3.1%,3.0%,3.0%
,,2024,ThuJun 27,,USD,,Goods Trade Balance,-100.6B,-96.0B,-98.0B
,,2024,ThuJun 27,,USD,,Prelim Wholesale Inventories m/m,0.6%,0.1%,0.1%
,,2024,ThuJun 27,3:00pm,USD,,Pending Home Sales m/m,-2.1%,0.6%,-7.7%
,,2024,ThuJun 27,3:30pm,USD,,Natural Gas Storage,52B,53B,71B
,,2024,FriJun 28,12:30am,JPY,,Tokyo Core CPI y/y,2.1%,2.0%,1.9%
,,2024,FriJun 28,,JPY,,Unemployment Rate,2.6%,2.6%,2.6%
,,2024,FriJun 28,12:50am,JPY,,Prelim Industrial Production m/m,2.8%,2.0%,-0.9%
,,2024,FriJun 28,2:00am,USD,,President Biden Speaks,,,
,,2024,FriJun 28,6:00am,JPY,,Housing Starts y/y,-5.3%,-6.1%,13.9%
,,2024,FriJun 28,11:00am,USD,,FOMC Member Barkin Speaks,,,
,,2024,FriJun 28,,USD,,Core PCE Price Index m/m,0.1%,0.1%,0.3%
,,2024,FriJun 28,,USD,,Personal Income m/m,0.5%,0.4%,0.3%
,,2024,FriJun 28,,USD,,Personal Spending m/m,0.2%,0.3%,0.1%
,,2024,FriJun 28,2:45pm,USD,,Chicago PMI,47.4,39.7,35.4
,,2024,FriJun 28,3:00pm,USD,,Revised UoM Consumer Sentiment,68.2,65.9,65.6
,,2024,FriJun 28,,USD,,Revised UoM Inflation Expectations,3.0%,,3.3%
,,2024,FriJun 28,5:00pm,USD,,FOMC Member Bowman Speaks,,,
,,2024,MonJul 1,12:50am,JPY,,Tankan Manufacturing Index,13,11,11
,,2024,MonJul 1,,JPY,,Tankan Non-Manufacturing Index,33,33,34
,,2024,MonJul 1,1:30am,JPY,,Final Manufacturing PMI,50.0,50.1,50.1
,,2024,MonJul 1,6:00am,JPY,,Consumer Confidence,36.4,36.4,36.2
,,2024,MonJul 1,2:45pm,USD,,Final Manufacturing PMI,51.6,51.7,51.7
,,2024,MonJul 1,3:00pm,USD,,ISM Manufacturing PMI,48.5,49.2,48.7
,,2024,MonJul 1,,USD,,ISM Manufacturing Prices,52.1,55.8,57.0
,,2024,MonJul 1,,USD,,Construction Spending m/m,-0.1%,0.3%,0.3%
,,2024,TueJul 2,12:50am,JPY,,Monetary Base y/y,0.6%,1.0%,0.9%
,,2024,TueJul 2,4:35am,JPY,,10-y Bond Auction,1.09|3.2,,1.05|3.7
,,2024,TueJul 2,,USD,,FOMC Member Powell Speaks,,,
,,2024,TueJul 2,3:00pm,USD,,JOLTS Job Openings,8.14M,7.96M,7.92M
,,2024,TueJul 2,All Day,USD,,Omdia Total Vehicle Sales,15.3M,15.8M,15.9M
,,2024,TueJul 2,3:40pm,USD,,RCM/TIPP Economic Optimism,44.2,41.2,40.5
,,2024,TueJul 2,9:30pm,USD,,API Weekly Statistical Bulletin,,,
,,2024,WedJul 3,11:30am,USD,,FOMC Member Williams Speaks,,,
,,2024,WedJul 3,,USD,,Challenger Job Cuts y/y,19.8%,,-20.3%
,,2024,WedJul 3,1:15pm,USD,,ADP Non-Farm Employment Change,150K,163K,157K
,,2024,WedJul 3,,USD,,Unemployment Claims,238K,234K,234K
,,2024,WedJul 3,,USD,,Trade Balance,-75.1B,-76.3B,-74.5B
,,2024,WedJul 3,2:45pm,USD,,Final Services PMI,55.3,55.0,55.1
,,2024,WedJul 3,3:00pm,USD,,ISM Services PMI,48.8,52.6,53.8
,,2024,WedJul 3,,USD,,Factory Orders m/m,-0.5%,0.2%,0.4%
,,2024,WedJul 3,3:30pm,USD,,Crude Oil Inventories,-12.2M,-0.4M,3.6M
,,2024,WedJul 3,5:00pm,USD,,Natural Gas Storage,32B,31B,52B
,,2024,WedJul 3,7:00pm,USD,,FOMC Meeting Minutes,,,
,,2024,ThuJul 4,4:35am,JPY,,30-y Bond Auction,2.19|3.0,,2.16|3.6
,,2024,ThuJul 4,All Day,USD,,Bank Holiday,,,
,,2024,FriJul 5,12:30am,JPY,,Household Spending y/y,-1.8%,0.2%,0.5%
,,2024,FriJul 5,6:00am,JPY,,Leading Indicators,111.1%,111.1%,110.9%
,,2024,FriJul 5,10:40am,USD,,FOMC Member Williams Speaks,,,
,,2024,FriJul 5,,USD,,Average Hourly Earnings m/m,0.3%,0.3%,0.4%
,,2024,FriJul 5,,USD,,Non-Farm Employment Change,206K,191K,218K
,,2024,FriJul 5,,USD,,Unemployment Rate,4.1%,4.0%,4.0%
,,2024,FriJul 5,4:00pm,USD,,Fed Monetary Policy Report,,,
,,2024,MonJul 8,12:30am,JPY,,Average Cash Earnings y/y,1.9%,2.1%,1.6%
,,2024,MonJul 8,12:50am,JPY,,Bank Lending y/y,3.2%,3.1%,2.9%
,,2024,MonJul 8,,JPY,,Current Account,2.41T,2.07T,2.52T
,,2024,MonJul 8,6:00am,JPY,,Economy Watchers Sentiment,47.0,46.1,45.7
,,2024,MonJul 8,8:00pm,USD,,Consumer Credit m/m,11.4B,9.7B,6.5B
,,2024,TueJul 9,12:50am,JPY,,M2 Money Stock y/y,1.5%,2.0%,1.9%
,,2024,TueJul 9,6:58am,JPY,,Prelim Machine Tool Orders y/y,9.7%,,4.2%
,,2024,TueJul 9,11:00am,USD,,NFIB Small Business Index,91.5,90.3,90.5
,,2024,TueJul 9,2:15pm,USD,,FOMC Member Barr Speaks,,,
,,2024,TueJul 9,3:00pm,USD,,Fed Chairman Powell Testifies,,,
,,2024,TueJul 9,,USD,,Treasury Sec Yellen Speaks,,,
,,2024,TueJul 9,6:30pm,USD,,FOMC Member Bowman Speaks,,,
,,2024,TueJul 9,9:30pm,USD,,API Weekly Statistical Bulletin,,,
,,2024,WedJul 10,12:50am,JPY,,PPI y/y,2.9%,2.9%,2.6%
,,2024,WedJul 10,,USD,,Fed Chairman Powell Testifies,,,
,,2024,WedJul 10,,USD,,Final Wholesale Inventories m/m,0.6%,0.6%,0.6%
,,2024,WedJul 10,3:30pm,USD,,Crude Oil Inventories,-3.4M,0.7M,-12.2M
,,2024,WedJul 10,6:01pm,USD,,10-y Bond Auction,4.28|2.6,,4.44|2.7
,,2024,WedJul 10,7:30pm,USD,,FOMC Member Bowman Speaks,,,
,,2024,WedJul 10,,USD,,FOMC Member Goolsbee Speaks,,,
,,2024,ThuJul 11,12:30am,USD,,FOMC Member Cook Speaks,,,
,,2024,ThuJul 11,12:50am,JPY,,Core Machinery Orders m/m,-3.2%,0.9%,-2.9%
,,2024,ThuJul 11,1:30pm,USD,,Core CPI m/m,0.1%,0.2%,0.2%
,,2024,ThuJul 11,,USD,,Core CPI y/y,3.3%,3.4%,3.4%
,,2024,ThuJul 11,,USD,,CPI m/m,-0.1%,0.1%,0.0%
,,2024,ThuJul 11,,USD,,CPI y/y,3.0%,3.1%,3.3%
,,2024,ThuJul 11,,USD,,Unemployment Claims,222K,236K,239K
,,2024,ThuJul 11,3:30pm,USD,,Natural Gas Storage,65B,56B,32B
,,2024,ThuJul 11,4:30pm,USD,,FOMC Member Bostic Speaks,,,
,,2024,ThuJul 11,6:00pm,USD,,FOMC Member Musalem Speaks,,,
,,2024,ThuJul 11,6:01pm,USD,,30-y Bond Auction,4.41|2.3,,4.40|2.5
,,2024,ThuJul 11,7:00pm,USD,,Federal Budget Balance,-66.0B,-71.2B,-347.1B
,,2024,ThuJul 11,,USD,,President Biden Speaks,,,
,,2024,FriJul 12,5:30am,JPY,,Revised Industrial Production m/m,3.6%,2.8%,2.8%
,,2024,FriJul 12,,USD,,Core PPI m/m,0.4%,0.2%,0.3%
,,2024,FriJul 12,,USD,,PPI m/m,0.2%,0.1%,0.0%
,,2024,FriJul 12,3:00pm,USD,,Prelim UoM Consumer Sentiment,66.0,68.5,68.2
,,2024,FriJul 12,,USD,,Prelim UoM Inflation Expectations,2.9%,,3.0%
,,2024,MonJul 15,All Day,JPY,,Bank Holiday,,,
,,2024,MonJul 15,,USD,,Empire State Manufacturing Index,-6.6,-5.5,-6.0
,,2024,MonJul 15,5:30pm,USD,,FOMC Member Powell Speaks,,,
,,2024,MonJul 15,9:35pm,USD,,FOMC Member Daly Speaks,,,
,,2024,TueJul 16,5:30am,JPY,,Tertiary Industry Activity m/m,-0.4%,0.1%,2.2%
,,2024,TueJul 16,,USD,,Core Retail Sales m/m,0.4%,0.1%,0.1%
,,2024,TueJul 16,,USD,,Retail Sales m/m,0.0%,-0.3%,0.3%
,,2024,TueJul 16,,USD,,Import Prices m/m,0.0%,0.2%,-0.2%
,,2024,TueJul 16,3:00pm,USD,,Business Inventories m/m,0.5%,0.4%,0.3%
,,2024,TueJul 16,,USD,,NAHB Housing Market Index,42,43,43
,,2024,TueJul 16,7:45pm,USD,,FOMC Member Kugler Speaks,,,
,,2024,TueJul 16,9:30pm,USD,,API Weekly Statistical Bulletin,,,
,,2024,WedJul 17,,USD,,Building Permits,1.45M,1.40M,1.40M
,,2024,WedJul 17,,USD,,Housing Starts,1.35M,1.30M,1.31M
,,2024,WedJul 17,2:00pm,USD,,FOMC Member Barkin Speaks,,,
,,2024,WedJul 17,2:15pm,USD,,Industrial Production m/m,0.6%,0.3%,0.9%
,,2024,WedJul 17,,USD,,Capacity Utilization Rate,78.8%,78.5%,78.3%
,,2024,WedJul 17,2:35pm,USD,,FOMC Member Waller Speaks,,,
,,2024,WedJul 17,3:30pm,USD,,Crude Oil Inventories,-4.9M,-0.9M,-3.4M
,,2024,WedJul 17,7:00pm,USD,,Beige Book,,,
,,2024,ThuJul 18,12:50am,JPY,,Trade Balance,-0.82T,-0.82T,-0.64T
,,2024,ThuJul 18,1:30pm,USD,,Unemployment Claims,243K,229K,223K
,,2024,ThuJul 18,,USD,,Philly Fed Manufacturing Index,13.9,2.7,1.3
,,2024,ThuJul 18,3:00pm,USD,,CB Leading Index m/m,-0.2%,-0.3%,-0.4%
,,2024,ThuJul 18,3:30pm,USD,,Natural Gas Storage,10B,27B,65B
,,2024,ThuJul 18,6:45pm,USD,,FOMC Member Logan Speaks,,,
,,2024,ThuJul 18,9:00pm,USD,,TIC Long-Term Purchases,-54.6B,98.4B,123.3B
,,2024,ThuJul 18,11:05pm,USD,,FOMC Member Daly Speaks,,,
,,2024,FriJul 19,12:30am,JPY,,National Core CPI y/y,2.6%,2.7%,2.5%
,,2024,FriJul 19,12:45am,USD,,FOMC Member Bowman Speaks,,,
,,2024,FriJul 19,3:40pm,USD,,FOMC Member Williams Speaks,,,
,,2024,FriJul 19,6:00pm,USD,,FOMC Member Bostic Speaks,,,
,,2024,TueJul 23,6:00am,JPY,,BOJ Core CPI y/y,2.1%,2.1%,2.1%
,,2024,TueJul 23,2:59pm,USD,,Richmond Manufacturing Index,-17,-7,-10
,,2024,TueJul 23,,USD,,Existing Home Sales,3.89M,3.99M,4.11M
,,2024,TueJul 23,9:30pm,USD,,API Weekly Statistical Bulletin,,,
,,2024,WedJul 24,1:30am,JPY,,Flash Manufacturing PMI,49.2,50.5,50.0
,,2024,WedJul 24,,USD,,Goods Trade Balance,-96.8B,-98.8B,-99.4B
,,2024,WedJul 24,,USD,,Prelim Wholesale Inventories m/m,0.2%,0.5%,0.6%
,,2024,WedJul 24,,USD,,Flash Manufacturing PMI,49.5,51.7,51.6
,,2024,WedJul 24,,USD,,Flash Services PMI,56.0,54.7,55.3
,,2024,WedJul 24,3:00pm,USD,,New Home Sales,617K,639K,621K
,,2024,WedJul 24,,USD,,Crude Oil Inventories,-3.7M,-2.6M,-4.9M
,,2024,WedJul 24,9:05pm,USD,,FOMC Member Bowman Speaks,,,
,,2024,WedJul 24,,USD,,FOMC Member Logan Speaks,,,
,,2024,ThuJul 25,12:50am,JPY,,SPPI y/y,3.0%,2.6%,2.7%
,,2024,ThuJul 25,1:00am,USD,,President Biden Speaks,,,
,,2024,ThuJul 25,1:30pm,USD,,Advance GDP q/q,2.8%,2.0%,1.4%
,,2024,ThuJul 25,,USD,,Unemployment Claims,235K,237K,245K
,,2024,ThuJul 25,,USD,,Advance GDP Price Index q/q,2.3%,2.6%,3.1%
,,2024,ThuJul 25,,USD,,Core Durable Goods Orders m/m,0.5%,0.2%,-0.1%
,,2024,ThuJul 25,,USD,,Durable Goods Orders m/m,-6.6%,0.3%,0.1%
,,2024,ThuJul 25,3:30pm,USD,,Natural Gas Storage,22B,13B,10B
,,2024,FriJul 26,12:30am,JPY,,Tokyo Core CPI y/y,2.2%,2.2%,2.1%
,,2024,FriJul 26,1:30pm,USD,,Core PCE Price Index m/m,0.2%,0.2%,0.1%
,,2024,FriJul 26,,USD,,Personal Income m/m,0.2%,0.4%,0.4%
,,2024,FriJul 26,,USD,,Personal Spending m/m,0.3%,0.3%,0.4%
,,2024,FriJul 26,3:00pm,USD,,Revised UoM Consumer Sentiment,66.4,66.3,66.0
,,2024,FriJul 26,,USD,,Revised UoM Inflation Expectations,2.9%,,2.9%
,,2024,TueJul 30,12:30am,JPY,,Unemployment Rate,2.5%,2.6%,2.6%
,,2024,TueJul 30,2:00pm,USD,,S&P/CS Composite-20 HPI y/y,6.8%,6.5%,7.3%
,,2024,TueJul 30,,USD,,HPI m/m,0.0%,0.2%,0.3%
,,2024,TueJul 30,3:00pm,USD,,CB Consumer Confidence,100.3,99.7,97.8
,,2024,TueJul 30,,USD,,JOLTS Job Openings,8.18M,8.02M,8.23M
,,2024,TueJul 30,9:30pm,USD,,API Weekly Statistical Bulletin,,,
,,2024,WedJul 31,12:50am,JPY,,Prelim Industrial Production m/m,-3.6%,-4.2%,3.6%
,,2024,WedJul 31,,JPY,,Retail Sales y/y,3.7%,3.3%,2.8%
,,2024,WedJul 31,4:57am,JPY,,BOJ Outlook Report,,,
,,2024,WedJul 31,,JPY,,BOJ Policy Rate,<0.25%,<0.10%,<0.10%
,,2024,WedJul 31,,JPY,,Monetary Policy Statement,,,
,,2024,WedJul 31,5:59am,JPY,,Consumer Confidence,36.7,36.5,36.4
,,2024,WedJul 31,6:00am,JPY,,Housing Starts y/y,-6.7%,-2.3%,-5.3%
,,2024,WedJul 31,7:30am,JPY,,BOJ Press Conference,,,
,,2024,WedJul 31,1:15pm,USD,,ADP Non-Farm Employment Change,122K,147K,155K
,,2024,WedJul 31,,USD,,Employment Cost Index q/q,0.9%,1.0%,1.2%
,,2024,WedJul 31,2:45pm,USD,,Chicago PMI,45.3,44.8,47.4
,,2024,WedJul 31,3:00pm,USD,,Pending Home Sales m/m,4.8%,1.4%,-1.9%
,,2024,WedJul 31,3:30pm,USD,,Crude Oil Inventories,-3.4M,-1.6M,-3.7M
,,2024,WedJul 31,7:00pm,USD,,Federal Funds Rate,5.50%,5.50%,5.50%
,,2024,WedJul 31,,USD,,FOMC Statement,,,
,,2024,WedJul 31,7:30pm,USD,,FOMC Press Conference,,,
,,2024,ThuAug 1,1:30am,JPY,,Final Manufacturing PMI,49.1,49.2,49.2
,,2024,ThuAug 1,,USD,,Challenger Job Cuts y/y,9.2%,,19.8%
,,2024,ThuAug 1,1:30pm,USD,,Unemployment Claims,249K,236K,235K
,,2024,ThuAug 1,,USD,,Prelim Nonfarm Productivity q/q,2.3%,1.7%,0.2%
,,2024,ThuAug 1,,USD,,Prelim Unit Labor Costs q/q,0.9%,1.8%,4.0%
,,2024,ThuAug 1,2:45pm,USD,,Final Manufacturing PMI,49.6,49.5,49.5
,,2024,ThuAug 1,3:00pm,USD,,ISM Manufacturing PMI,46.8,48.8,48.5
,,2024,ThuAug 1,,USD,,ISM Manufacturing Prices,52.9,51.9,52.1
,,2024,ThuAug 1,,USD,,Construction Spending m/m,-0.3%,0.2%,-0.4%
,,2024,ThuAug 1,All Day,USD,,Omdia Total Vehicle Sales,15.8M,16.1M,15.3M
,,2024,ThuAug 1,3:30pm,USD,,Natural Gas Storage,18B,30B,22B
,,2024,FriAug 2,12:50am,JPY,,Monetary Base y/y,1.0%,0.9%,0.6%
,,2024,FriAug 2,1:30pm,USD,,Average Hourly Earnings m/m,0.2%,0.3%,0.3%
,,2024,FriAug 2,,USD,,Non-Farm Employment Change,114K,176K,179K
,,2024,FriAug 2,,USD,,Unemployment Rate,4.3%,4.1%,4.1%
,,2024,FriAug 2,3:00pm,USD,,Factory Orders m/m,-3.3%,-2.7%,-0.5%
,,2024,MonAug 5,12:50am,JPY,,Monetary Policy Meeting Minutes,,,
,,2024,MonAug 5,1:30pm,USD,,FOMC Member Goolsbee Speaks,,,
,,2024,MonAug 5,2:45pm,USD,,Final Services PMI,55.0,56.0,56.0
,,2024,MonAug 5,3:00pm,USD,,ISM Services PMI,51.4,51.1,48.8
,,2024,MonAug 5,7:00pm,USD,,Loan Officer Survey,,,
,,2024,MonAug 5,10:00pm,USD,,FOMC Member Daly Speaks,,,
,,2024,TueAug 6,12:30am,JPY,,Average Cash Earnings y/y,4.5%,2.5%,2.0%
,,2024,TueAug 6,,JPY,,Household Spending y/y,-1.4%,-0.9%,-1.8%
,,2024,TueAug 6,4:35am,JPY,,10-y Bond Auction,0.93|3.0,,1.09|3.2
,,2024,TueAug 6,,USD,,Trade Balance,-73.1B,-72.5B,-75.0B
,,2024,TueAug 6,3:05pm,USD,,RCM/TIPP Economic Optimism,44.5,45.0,44.2
,,2024,TueAug 6,9:30pm,USD,,API Weekly Statistical Bulletin,,,
,,2024,WedAug 7,6:00am,JPY,,Leading Indicators,108.6%,109.0%,111.2%
,,2024,WedAug 7,3:30pm,USD,,Crude Oil Inventories,-3.7M,-1.6M,-3.4M
,,2024,WedAug 7,6:01pm,USD,,10-y Bond Auction,3.96|2.3,,4.28|2.6
,,2024,WedAug 7,8:00pm,USD,,Consumer Credit m/m,8.9B,9.8B,13.9B
,,2024,ThuAug 8,12:50am,JPY,,Bank Lending y/y,3.2%,3.2%,3.2%
,,2024,ThuAug 8,,JPY,,BOJ Summary of Opinions,,,
,,2024,ThuAug 8,,JPY,,Current Account,1.78T,2.34T,2.41T
,,2024,ThuAug 8,4:35am,JPY,,30-y Bond Auction,2.23|3.5,,2.19|3.0
,,2024,ThuAug 8,6:00am,JPY,,Economy Watchers Sentiment,47.5,47.4,47.0
,,2024,ThuAug 8,1:30pm,USD,,Unemployment Claims,233K,241K,250K
,,2024,ThuAug 8,3:00pm,USD,,Final Wholesale Inventories m/m,0.2%,0.2%,0.2%
,,2024,ThuAug 8,3:30pm,USD,,Natural Gas Storage,21B,22B,18B
,,2024,ThuAug 8,6:01pm,USD,,30-y Bond Auction,4.31|2.3,,4.41|2.3
,,2024,ThuAug 8,8:00pm,USD,,FOMC Member Barkin Speaks,,,
,,2024,FriAug 9,12:50am,JPY,,M2 Money Stock y/y,1.4%,1.6%,1.5%
,,2024,MonAug 12,All Day,JPY,,Bank Holiday,,,
,,2024,MonAug 12,2:56pm,USD,,Cleveland Fed Inflation Expectations,3.4%,,3.8%
,,2024,MonAug 12,7:00pm,USD,,Federal Budget Balance,-243.7B,-238.1B,-66.0B
,,2024,TueAug 13,12:50am,JPY,,PPI y/y,3.0%,3.0%,2.9%
,,2024,TueAug 13,6:58am,JPY,,Prelim Machine Tool Orders y/y,8.4%,,9.7%
,,2024,TueAug 13,10:55am,USD,,NFIB Small Business Index,93.7,91.5,91.5
,,2024,TueAug 13,1:30pm,USD,,Core PPI m/m,0.0%,0.2%,0.3%
,,2024,TueAug 13,,USD,,PPI m/m,0.1%,0.2%,0.2%
,,2024,TueAug 13,6:15pm,USD,,FOMC Member Bostic Speaks,,,
,,2024,TueAug 13,9:30pm,USD,,API Weekly Statistical Bulletin,,,
,,2024,WedAug 14,1:30pm,USD,,Core CPI m/m,0.2%,0.2%,0.1%
,,2024,WedAug 14,,USD,,Core CPI y/y,3.2%,3.2%,3.3%
,,2024,WedAug 14,,USD,,CPI m/m,0.2%,0.2%,-0.1%
,,2024,WedAug 14,,USD,,CPI y/y,2.9%,3.0%,3.0%
,,2024,WedAug 14,3:30pm,USD,,Crude Oil Inventories,1.4M,-1.9M,-3.7M
,,2024,ThuAug 15,12:50am,JPY,,Prelim GDP Price Index y/y,3.0%,2.6%,3.4%
,,2024,ThuAug 15,,JPY,,Prelim GDP q/q,0.8%,0.6%,-0.5%
,,2024,ThuAug 15,5:30am,JPY,,Revised Industrial Production m/m,-4.2%,-3.6%,-3.6%
,,2024,ThuAug 15,,USD,,Core Retail Sales m/m,0.4%,0.1%,0.5%
,,2024,ThuAug 15,,USD,,Retail Sales m/m,1.0%,0.4%,-0.2%
,,2024,ThuAug 15,,USD,,Unemployment Claims,227K,236K,234K
,,2024,ThuAug 15,,USD,,Empire State Manufacturing Index,-4.7,-5.9,-6.6
,,2024,ThuAug 15,,USD,,Philly Fed Manufacturing Index,-7.0,5.4,13.9
,,2024,ThuAug 15,,USD,,Import Prices m/m,0.1%,-0.1%,0.0%
,,2024,ThuAug 15,2:10pm,USD,,FOMC Member Musalem Speaks,,,
,,2024,ThuAug 15,2:15pm,USD,,Capacity Utilization Rate,77.8%,78.5%,78.4%
,,2024,ThuAug 15,,USD,,Industrial Production m/m,-0.6%,-0.3%,0.3%
,,2024,ThuAug 15,3:00pm,USD,,Business Inventories m/m,0.3%,0.3%,0.5%
,,2024,ThuAug 15,,USD,,NAHB Housing Market Index,39,43,41
,,2024,ThuAug 15,3:23pm,USD,,Mortgage Delinquencies,3.97%,,3.94%
,,2024,ThuAug 15,,USD,,Natural Gas Storage,-6B,3B,21B
,,2024,ThuAug 15,6:10pm,USD,,FOMC Member Harker Speaks,,,
,,2024,ThuAug 15,9:00pm,USD,,TIC Long-Term Purchases,96.1B,56.3B,-54.1B
,,2024,FriAug 16,5:30am,JPY,,Tertiary Industry Activity m/m,-1.3%,0.3%,0.6%
,,2024,FriAug 16,,USD,,Building Permits,1.40M,1.43M,1.45M
,,2024,FriAug 16,,USD,,Housing Starts,1.24M,1.34M,1.33M
,,2024,FriAug 16,3:00pm,USD,,Prelim UoM Consumer Sentiment,67.8,66.7,66.4
,,2024,FriAug 16,,USD,,Prelim UoM Inflation Expectations,2.9%,,2.9%
,,2024,FriAug 16,6:25pm,USD,,FOMC Member Goolsbee Speaks,,,
,,2024,MonAug 19,12:50am,JPY,,Core Machinery Orders m/m,2.1%,0.9%,-3.2%
,,2024,MonAug 19,2:15pm,USD,,FOMC Member Waller Speaks,,,
,,2024,MonAug 19,3:00pm,USD,,CB Leading Index m/m,-0.6%,-0.4%,-0.2%
,,2024,TueAug 20,6:35pm,USD,,FOMC Member Bostic Speaks,,,
,,2024,TueAug 20,7:45pm,USD,,FOMC Member Barr Speaks,,,
,,2024,TueAug 20,9:30pm,USD,,API Weekly Statistical Bulletin,,,
,,2024,WedAug 21,12:50am,JPY,,Trade Balance,-0.76T,-0.72T,-0.82T
,,2024,WedAug 21,3:00pm,USD,,Prelim Benchmark Payrolls Revision,-818K,,-306K
,,2024,WedAug 21,3:30pm,USD,,Crude Oil Inventories,-4.6M,-2.0M,1.4M
,,2024,WedAug 21,7:00pm,USD,,FOMC Meeting Minutes,,,
,,2024,ThuAug 22,1:30am,JPY,,Flash Manufacturing PMI,49.5,49.8,49.1
,,2024,ThuAug 22,1:30pm,USD,,Unemployment Claims,232K,232K,228K
,,2024,ThuAug 22,,USD,,FOMC Member Collins Speaks,,,
,,2024,ThuAug 22,2:45pm,USD,,Flash Manufacturing PMI,48.0,49.5,49.6
,,2024,ThuAug 22,,USD,,Flash Services PMI,55.2,54.0,55.0
,,2024,ThuAug 22,,USD,,Existing Home Sales,3.95M,3.94M,3.90M
,,2024,ThuAug 22,,USD,,FOMC Member Harker Speaks,,,
,,2024,ThuAug 22,3:30pm,USD,,Natural Gas Storage,35B,26B,-6B
,,2024,FriAug 23,12:30am,JPY,,National Core CPI y/y,2.7%,2.7%,2.6%
,,2024,FriAug 23,1:33am,JPY,,BOJ Gov Ueda Speaks,,,
,,2024,FriAug 23,5:00am,JPY,,BOJ Gov Ueda Speaks,,,
,,2024,FriAug 23,1:00pm,USD,,FOMC Member Bostic Speaks,,,
,,2024,FriAug 23,2:00pm,USD,,FOMC Member Bostic Speaks,,,
,,2024,FriAug 23,3:00pm,USD,,FOMC Member Powell Speaks,,,
,,2024,FriAug 23,,USD,,New Home Sales,739K,624K,668K
,,2024,FriAug 23,,USD,,FOMC Member Harker Speaks,,,
,,2024,FriAug 23,5:30pm,USD,,FOMC Member Goolsbee Speaks,,,
,,2024,FriAug 23,6:45pm,USD,,FOMC Member Goolsbee Speaks,,,
,,2024,FriAug 23,7:15pm,USD,,FOMC Member Goolsbee Speaks,,,
,,2024,MonAug 26,1:30pm,USD,,Core Durable Goods Orders m/m,-0.2%,0.0%,0.4%
,,2024,MonAug 26,,USD,,Durable Goods Orders m/m,9.9%,4.0%,-6.7%
,,2024,TueAug 27,12:50am,JPY,,SPPI y/y,2.8%,2.9%,3.1%
,,2024,TueAug 27,6:00am,JPY,,BOJ Core CPI y/y,1.8%,2.1%,2.1%
,,2024,TueAug 27,2:00pm,USD,,S&P/CS Composite-20 HPI y/y,6.5%,6.2%,6.9%
,,2024,TueAug 27,,USD,,HPI m/m,-0.1%,0.1%,0.0%
,,2024,TueAug 27,2:59pm,USD,,Richmond Manufacturing Index,-19,-14,-17
,,2024,TueAug 27,,USD,,CB Consumer Confidence,103.3,100.9,101.9
,,2024,TueAug 27,9:30pm,USD,,API Weekly Statistical Bulletin,,,
,,2024,WedAug 28,6:15am,USD,,FOMC Member Waller Speaks,,,
,,2024,WedAug 28,3:30pm,USD,,Crude Oil Inventories,-0.8M,-2.7M,-4.6M
,,2024,WedAug 28,11:00pm,USD,,FOMC Member Bostic Speaks,,,
,,2024,ThuAug 29,6:00am,JPY,,Consumer Confidence,36.7,36.9,36.7
,,2024,ThuAug 29,,USD,,Prelim GDP q/q,3.0%,2.8%,2.8%
,,2024,ThuAug 29,,USD,,Unemployment Claims,231K,232K,233K
,,2024,ThuAug 29,,USD,,Prelim GDP Price Index q/q,2.5%,2.3%,2.3%
,,2024,ThuAug 29,,USD,,Goods Trade Balance,-102.7B,-97.7B,-96.6B
,,2024,ThuAug 29,,USD,,Prelim Wholesale Inventories m/m,0.3%,0.3%,0.2%
,,2024,ThuAug 29,3:00pm,USD,,Pending Home Sales m/m,-5.5%,0.2%,4.8%
,,2024,ThuAug 29,3:30pm,USD,,Natural Gas Storage,35B,33B,35B
,,2024,ThuAug 29,8:30pm,USD,,FOMC Member Bostic Speaks,,,
,,2024,FriAug 30,12:30am,JPY,,Tokyo Core CPI y/y,2.4%,2.2%,2.2%
,,2024,FriAug 30,,JPY,,Unemployment Rate,2.7%,2.5%,2.5%
,,2024,FriAug 30,12:50am,JPY,,Prelim Industrial Production m/m,2.8%,3.6%,-4.2%
,,2024,FriAug 30,,JPY,,Retail Sales y/y,2.6%,2.8%,3.8%
,,2024,FriAug 30,6:00am,JPY,,Housing Starts y/y,-0.2%,-1.1%,-6.7%
,,2024,FriAug 30,,USD,,Core PCE Price Index m/m,0.2%,0.2%,0.2%
,,2024,FriAug 30,,USD,,Personal Income m/m,0.3%,0.2%,0.2%
,,2024,FriAug 30,,USD,,Personal Spending m/m,0.5%,0.5%,0.3%
,,2024,FriAug 30,2:45pm,USD,,Chicago PMI,46.1,45.0,45.3
,,2024,FriAug 30,3:00pm,USD,,Revised UoM Consumer Sentiment,67.9,68.0,67.8
,,2024,FriAug 30,,USD,,Revised UoM Inflation Expectations,2.8%,,2.9%
,,2024,MonSep 2,12:50am,JPY,,Capital Spending q/y,7.4%,9.6%,6.8%
,,2024,MonSep 2,1:30am,JPY,,Final Manufacturing PMI,49.8,49.5,49.5
,,2024,MonSep 2,All Day,USD,,Bank Holiday,,,
,,2024,TueSep 3,12:50am,JPY,,Monetary Base y/y,0.6%,0.6%,1.0%
,,2024,TueSep 3,4:35am,JPY,,10-y Bond Auction,0.92|3.2,,0.93|3.0
,,2024,TueSep 3,2:45pm,USD,,Final Manufacturing PMI,47.9,48.1,48.0
,,2024,TueSep 3,3:00pm,USD,,ISM Manufacturing PMI,47.2,47.5,46.8
,,2024,TueSep 3,,USD,,ISM Manufacturing Prices,54.0,52.1,52.9
,,2024,TueSep 3,,USD,,Construction Spending m/m,-0.3%,0.1%,0.0%
,,2024,TueSep 3,3:07pm,USD,,RCM/TIPP Economic Optimism,46.1,46.2,44.5
,,2024,WedSep 4,,USD,,Trade Balance,-78.8B,-78.8B,-73.0B
,,2024,WedSep 4,3:00pm,USD,,JOLTS Job Openings,7.67M,8.09M,7.91M
,,2024,WedSep 4,,USD,,Factory Orders m/m,5.0%,4.7%,-3.3%
,,2024,WedSep 4,All Day,USD,,Omdia Total Vehicle Sales,15.1M,15.4M,15.8M
,,2024,WedSep 4,7:00pm,USD,,Beige Book,,,
,,2024,WedSep 4,9:30pm,USD,,API Weekly Statistical Bulletin,,,
,,2024,ThuSep 5,12:30am,JPY,,Average Cash Earnings y/y,3.6%,3.0%,4.5%
,,2024,ThuSep 5,4:35am,JPY,,30-y Bond Auction,2.04|3.4,,2.23|3.5
,,2024,ThuSep 5,12:30pm,USD,,Challenger Job Cuts y/y,1.0%,,9.2%
,,2024,ThuSep 5,1:15pm,USD,,ADP Non-Farm Employment Change,99K,144K,111K
,,2024,ThuSep 5,,USD,,Unemployment Claims,227K,231K,232K
,,2024,ThuSep 5,,USD,,Revised Nonfarm Productivity q/q,2.5%,2.4%,2.3%
,,2024,ThuSep 5,,USD,,Revised Unit Labor Costs q/q,0.4%,0.8%,0.9%
,,2024,ThuSep 5,2:45pm,USD,,Final Services PMI,55.7,55.0,55.2
,,2024,ThuSep 5,3:00pm,USD,,ISM Services PMI,51.5,51.3,51.4
,,2024,ThuSep 5,3:30pm,USD,,Natural Gas Storage,13B,26B,35B
,,2024,ThuSep 5,4:00pm,USD,,Crude Oil Inventories,-6.9M,-0.6M,-0.8M
,,2024,FriSep 6,12:30am,JPY,,Household Spending y/y,0.1%,1.2%,-1.4%
,,2024,FriSep 6,6:00am,JPY,,Leading Indicators,109.5%,109.4%,109.0%
,,2024,FriSep 6,,USD,,Average Hourly Earnings m/m,0.4%,0.3%,0.2%
,,2024,FriSep 6,,USD,,Non-Farm Employment Change,142K,164K,89K
,,2024,FriSep 6,,USD,,Unemployment Rate,4.2%,4.2%,4.3%
,,2024,FriSep 6,1:45pm,USD,,FOMC Member Williams Speaks,,,
,,2024,FriSep 6,4:00pm,USD,,FOMC Member Waller Speaks,,,
,,2024,MonSep 9,12:50am,JPY,,Bank Lending y/y,3.0%,3.2%,3.2%
,,2024,MonSep 9,,JPY,,Current Account,2.80T,2.08T,1.78T
,,2024,MonSep 9,,JPY,,Final GDP Price Index y/y,3.2%,3.0%,3.0%
,,2024,MonSep 9,,JPY,,Final GDP q/q,0.7%,0.8%,0.8%
,,2024,MonSep 9,6:00am,JPY,,Economy Watchers Sentiment,49.0,47.6,47.5
,,2024,MonSep 9,3:00pm,USD,,Final Wholesale Inventories m/m,0.2%,0.3%,0.3%
,,2024,MonSep 9,8:00pm,USD,,Consumer Credit m/m,25.5B,12.3B,5.2B
,,2024,TueSep 10,12:50am,JPY,,M2 Money Stock y/y,1.3%,1.5%,1.5%
,,2024,TueSep 10,6:58am,JPY,,Prelim Machine Tool Orders y/y,-3.5%,,8.4%
,,2024,TueSep 10,10:59am,USD,,NFIB Small Business Index,91.2,93.6,93.7
,,2024,TueSep 10,3:00pm,USD,,FOMC Member Barr Speaks,,,
,,2024,TueSep 10,5:15pm,USD,,FOMC Member Bowman Speaks,,,
,,2024,TueSep 10,9:30pm,USD,,API Weekly Statistical Bulletin,,,
,,2024,WedSep 11,1:30pm,USD,,Core CPI m/m,0.3%,0.2%,0.2%
,,2024,WedSep 11,,USD,,Core CPI y/y,3.2%,3.2%,3.2%
,,2024,WedSep 11,,USD,,CPI m/m,0.2%,0.2%,0.2%
,,2024,WedSep 11,,USD,,CPI y/y,2.5%,2.5%,2.9%
,,2024,WedSep 11,3:30pm,USD,,Crude Oil Inventories,0.8M,0.9M,-6.9M
,,2024,WedSep 11,6:01pm,USD,,10-y Bond Auction,3.65|2.6,,3.96|2.3
,,2024,ThuSep 12,12:50am,JPY,,BSI Manufacturing Index,4.5,-2.5,-1.0
,,2024,ThuSep 12,,JPY,,PPI y/y,2.5%,2.8%,3.0%
,,2024,ThuSep 12,1:00pm,USD,,Federal Budget Balance,-380.1B,-285.7B,-243.7B
,,2024,ThuSep 12,,USD,,Core PPI m/m,0.3%,0.2%,-0.2%
,,2024,ThuSep 12,,USD,,PPI m/m,0.2%,0.1%,0.0%
,,2024,ThuSep 12,,USD,,Unemployment Claims,230K,227K,228K
,,2024,ThuSep 12,3:30pm,USD,,Natural Gas Storage,40B,49B,13B
,,2024,ThuSep 12,6:01pm,USD,,30-y Bond Auction,4.02|2.4,,4.31|2.3
,,2024,FriSep 13,5:30am,JPY,,Revised Industrial Production m/m,3.1%,2.8%,2.8%
,,2024,FriSep 13,,USD,,Import Prices m/m,-0.3%,-0.2%,0.1%
,,2024,FriSep 13,3:00pm,USD,,Prelim UoM Consumer Sentiment,69.0,68.3,67.9
,,2024,FriSep 13,,USD,,Prelim UoM Inflation Expectations,2.7%,,2.8%
,,2024,MonSep 16,All Day,JPY,,Bank Holiday,,,
,,2024,MonSep 16,,USD,,Empire State Manufacturing Index,11.5,-4.1,-4.7
,,2024,TueSep 17,5:30am,JPY,,Tertiary Industry Activity m/m,1.4%,0.8%,-1.2%
,,2024,TueSep 17,,USD,,Core Retail Sales m/m,0.1%,0.2%,0.4%
,,2024,TueSep 17,,USD,,Retail Sales m/m,0.1%,-0.2%,1.1%
,,2024,TueSep 17,2:15pm,USD,,Capacity Utilization Rate,78.0%,77.9%,77.4%
,,2024,TueSep 17,,USD,,Industrial Production m/m,0.8%,0.2%,-0.9%
,,2024,TueSep 17,3:00pm,USD,,Business Inventories m/m,0.4%,0.3%,0.3%
,,2024,TueSep 17,,USD,,FOMC Member Logan Speaks,,,
,,2024,TueSep 17,,USD,,NAHB Housing Market Index,41,41,39
,,2024,TueSep 17,9:30pm,USD,,API Weekly Statistical Bulletin,,,
,,2024,WedSep 18,12:50am,JPY,,Core Machinery Orders m/m,-0.1%,0.4%,2.1%
,,2024,WedSep 18,,JPY,,Trade Balance,-0.60T,-0.96T,-0.68T
,,2024,WedSep 18,,USD,,Building Permits,1.48M,1.41M,1.41M
,,2024,WedSep 18,,USD,,Housing Starts,1.36M,1.31M,1.24M
,,2024,WedSep 18,3:30pm,USD,,Crude Oil Inventories,-1.6M,-0.2M,0.8M
,,2024,WedSep 18,7:00pm,USD,,Federal Funds Rate,5.00%,5.25%,5.50%
,,2024,WedSep 18,,USD,,FOMC Economic Projections,,,
,,2024,WedSep 18,,USD,,FOMC Statement,,,
,,2024,WedSep 18,7:30pm,USD,,FOMC Press Conference,,,
,,2024,WedSep 18,9:00pm,USD,,TIC Long-Term Purchases,135.4B,54.9B,80.5B
,,2024,ThuSep 19,1:30pm,USD,,Unemployment Claims,219K,230K,231K
,,2024,ThuSep 19,,USD,,Philly Fed Manufacturing Index,1.7,-0.8,-7.0
,,2024,ThuSep 19,,USD,,Current Account,-267B,-259B,-241B
,,2024,ThuSep 19,3:00pm,USD,,Existing Home Sales,3.86M,3.92M,3.96M
,,2024,ThuSep 19,,USD,,CB Leading Index m/m,-0.2%,-0.3%,-0.6%
,,2024,ThuSep 19,3:30pm,USD,,Natural Gas Storage,58B,53B,40B
,,2024,FriSep 20,12:30am,JPY,,National Core CPI y/y,2.8%,2.8%,2.7%
,,2024,FriSep 20,3:52am,JPY,,BOJ Policy Rate,<0.25%,<0.25%,<0.25%
,,2024,FriSep 20,,JPY,,Monetary Policy Statement,,,
,,2024,FriSep 20,7:30am,JPY,,BOJ Press Conference,,,
,,2024,FriSep 20,4:30pm,USD,,FOMC Member Waller Speaks,,,
,,2024,FriSep 20,7:00pm,USD,,FOMC Member Harker Speaks,,,
,,2024,MonSep 23,All Day,JPY,,Bank Holiday,,,
,,2024,MonSep 23,1:00pm,USD,,FOMC Member Bostic Speaks,,,
,,2024,MonSep 23,1:10pm,USD,,FOMC Member Kashkari Speaks,,,
,,2024,MonSep 23,2:45pm,USD,,Flash Manufacturing PMI,47.0,48.6,47.9
,,2024,MonSep 23,,USD,,Flash Services PMI,55.4,55.3,55.7
,,2024,MonSep 23,3:15pm,USD,,FOMC Member Goolsbee Speaks,,,
,,2024,MonSep 23,6:00pm,USD,,FOMC Member Kashkari Speaks,,,
,,2024,TueSep 24,1:30am,JPY,,Flash Manufacturing PMI,49.6,49.9,49.8
,,2024,TueSep 24,6:05am,JPY,,BOJ Gov Ueda Speaks,,,
,,2024,TueSep 24,2:00pm,USD,,S&P/CS Composite-20 HPI y/y,5.9%,5.9%,6.5%
,,2024,TueSep 24,,USD,,FOMC Member Bowman Speaks,,,
,,2024,TueSep 24,,USD,,HPI m/m,0.1%,0.2%,0.0%
,,2024,TueSep 24,2:59pm,USD,,Richmond Manufacturing Index,-21,-13,-19
,,2024,TueSep 24,3:00pm,USD,,CB Consumer Confidence,98.7,103.9,105.6
,,2024,TueSep 24,9:30pm,USD,,API Weekly Statistical Bulletin,,,
,,2024,WedSep 25,12:50am,JPY,,SPPI y/y,2.7%,2.6%,2.7%
,,2024,WedSep 25,5:59am,JPY,,BOJ Core CPI y/y,1.8%,1.8%,1.8%
,,2024,WedSep 25,3:00pm,USD,,New Home Sales,716K,699K,751K
,,2024,WedSep 25,3:30pm,USD,,Crude Oil Inventories,-4.5M,-1.3M,-1.6M
,,2024,WedSep 25,9:00pm,USD,,FOMC Member Kugler Speaks,,,
,,2024,ThuSep 26,12:50am,JPY,,Monetary Policy Meeting Minutes,,,
,,2024,ThuSep 26,1:30pm,USD,,Final GDP q/q,3.0%,3.0%,3.0%
,,2024,ThuSep 26,,USD,,Unemployment Claims,218K,224K,222K
,,2024,ThuSep 26,,USD,,Core Durable Goods Orders m/m,0.5%,0.1%,-0.2%
,,2024,ThuSep 26,,USD,,Durable Goods Orders m/m,0.0%,-2.8%,9.8%
,,2024,ThuSep 26,,USD,,Final GDP Price Index q/q,2.5%,2.5%,2.5%
,,2024,ThuSep 26,2:10pm,USD,,FOMC Member Collins Speaks,,,
,,2024,ThuSep 26,,USD,,FOMC Member Kugler Speaks,,,
,,2024,ThuSep 26,2:15pm,USD,,FOMC Member Bowman Speaks,,,
,,2024,ThuSep 26,2:20pm,USD,,FOMC Member Powell Speaks,,,
,,2024,ThuSep 26,2:25pm,USD,,FOMC Member Williams Speaks,,,
,,2024,ThuSep 26,3:00pm,USD,,Pending Home Sales m/m,0.6%,0.9%,-5.5%
,,2024,ThuSep 26,3:30pm,USD,,FOMC Member Barr Speaks,,,
,,2024,ThuSep 26,,USD,,FOMC Member Cook Speaks,,,
,,2024,ThuSep 26,,USD,,Natural Gas Storage,47B,52B,58B
,,2024,ThuSep 26,4:15pm,USD,,Treasury Sec Yellen Speaks,,,
,,2024,ThuSep 26,6:00pm,USD,,FOMC Member Barr Speaks,,,
,,2024,ThuSep 26,,USD,,FOMC Member Kashkari Speaks,,,
,,2024,ThuSep 26,11:00pm,USD,,FOMC Member Cook Speaks,,,
,,2024,FriSep 27,12:30am,JPY,,Tokyo Core CPI y/y,2.0%,2.0%,2.4%
,,2024,FriSep 27,,USD,,Core PCE Price Index m/m,0.1%,0.2%,0.2%
,,2024,FriSep 27,,USD,,Goods Trade Balance,-94.3B,-100.6B,-102.8B
,,2024,FriSep 27,,USD,,Personal Income m/m,0.2%,0.4%,0.3%
,,2024,FriSep 27,,USD,,Personal Spending m/m,0.2%,0.3%,0.5%
,,2024,FriSep 27,,USD,,Prelim Wholesale Inventories m/m,0.2%,0.2%,0.2%
,,2024,FriSep 27,3:00pm,USD,,Revised UoM Consumer Sentiment,70.1,69.3,69.0
,,2024,FriSep 27,,USD,,Revised UoM Inflation Expectations,2.7%,,2.7%
,,2024,FriSep 27,6:15pm,USD,,FOMC Member Bowman Speaks,,,
,,2024,MonSep 30,12:50am,JPY,,Prelim Industrial Production m/m,-3.3%,-0.5%,3.1%
,,2024,MonSep 30,,JPY,,Retail Sales y/y,2.8%,2.6%,2.7%
,,2024,MonSep 30,6:00am,JPY,,Housing Starts y/y,-5.1%,-3.3%,-0.2%
,,2024,MonSep 30,1:50pm,USD,,FOMC Member Bowman Speaks,,,
,,2024,MonSep 30,2:45pm,USD,,Chicago PMI,46.6,46.1,46.1
,,2024,MonSep 30,6:55pm,USD,,FOMC Member Powell Speaks,,,
,,2024,TueOct 1,12:30am,JPY,,Unemployment Rate,2.5%,2.6%,2.7%
,,2024,TueOct 1,12:50am,JPY,,BOJ Summary of Opinions,,,
,,2024,TueOct 1,,JPY,,Tankan Manufacturing Index,13,12,13
,,2024,TueOct 1,,JPY,,Tankan Non-Manufacturing Index,34,32,33
,,2024,TueOct 1,1:30am,JPY,,Final Manufacturing PMI,49.7,49.6,49.6
,,2024,TueOct 1,2:45pm,USD,,Final Manufacturing PMI,47.3,47.0,47.0
,,2024,TueOct 1,,USD,,ISM Manufacturing PMI,47.2,47.6,47.2
,,2024,TueOct 1,,USD,,JOLTS Job Openings,8.04M,7.64M,7.71M
,,2024,TueOct 1,,USD,,ISM Manufacturing Prices,48.3,53.5,54.0
,,2024,TueOct 1,,USD,,Construction Spending m/m,-0.1%,0.2%,-0.5%
,,2024,TueOct 1,All Day,USD,,Omdia Total Vehicle Sales,15.8M,15.6M,15.1M
,,2024,TueOct 1,4:00pm,USD,,FOMC Member Bostic Speaks,,,
,,2024,TueOct 1,4:10pm,USD,,FOMC Member Cook Speaks,,,
,,2024,TueOct 1,9:30pm,USD,,API Weekly Statistical Bulletin,,,
,,2024,TueOct 1,11:15pm,USD,,FOMC Member Barkin Speaks,,,
,,2024,TueOct 1,,USD,,FOMC Member Bostic Speaks,,,
,,2024,TueOct 1,,USD,,FOMC Member Collins Speaks,,,
,,2024,WedOct 2,12:50am,JPY,,Monetary Base y/y,-0.1%,0.8%,0.6%
,,2024,WedOct 2,6:00am,JPY,,Consumer Confidence,36.9,37.1,36.7
,,2024,WedOct 2,1:15pm,USD,,ADP Non-Farm Employment Change,143K,124K,103K
,,2024,WedOct 2,,USD,,FOMC Member Hammack Speaks,,,
,,2024,WedOct 2,3:05pm,USD,,FOMC Member Musalem Speaks,,,
,,2024,WedOct 2,3:30pm,USD,,Crude Oil Inventories,3.9M,-1.5M,-4.5M
,,2024,WedOct 2,4:00pm,USD,,FOMC Member Bowman Speaks,,,
,,2024,WedOct 2,5:15pm,USD,,FOMC Member Barkin Speaks,,,
,,2024,ThuOct 3,4:35am,JPY,,10-y Bond Auction,0.87|3.5,,0.92|3.2
,,2024,ThuOct 3,12:30pm,USD,,Challenger Job Cuts y/y,53.4%,,1.0%
,,2024,ThuOct 3,1:30pm,USD,,Unemployment Claims,225K,222K,219K
,,2024,ThuOct 3,2:45pm,USD,,Final Services PMI,55.2,55.4,55.4
,,2024,ThuOct 3,3:00pm,USD,,ISM Services PMI,54.9,51.7,51.5
,,2024,ThuOct 3,,USD,,Factory Orders m/m,-0.2%,0.1%,4.9%
,,2024,ThuOct 3,,USD,,FOMC Member Schmid Speaks,,,
,,2024,ThuOct 3,3:30pm,USD,,Natural Gas Storage,55B,59B,47B
,,2024,ThuOct 3,3:40pm,USD,,FOMC Member Bostic Speaks,,,
,,2024,FriOct 4,1:30pm,USD,,Average Hourly Earnings m/m,0.4%,0.3%,0.5%
,,2024,FriOct 4,,USD,,Non-Farm Employment Change,254K,147K,159K
,,2024,FriOct 4,,USD,,Unemployment Rate,4.1%,4.2%,4.2%
,,2024,FriOct 4,2:00pm,USD,,FOMC Member Williams Speaks,,,
,,2024,FriOct 4,,USD,,FOMC Member Goolsbee Speaks,,,
,,2024,FriOct 4,3:30pm,USD,,FOMC Member Goolsbee Speaks,,,
,,2024,FriOct 4,9:00pm,USD,,FOMC Member Goolsbee Speaks,,,
,,2024,MonOct 7,6:00am,JPY,,Leading Indicators,106.7%,107.2%,109.3%
,,2024,MonOct 7,6:00pm,USD,,FOMC Member Bowman Speaks,,,
,,2024,MonOct 7,6:50pm,USD,,FOMC Member Kashkari Speaks,,,
,,2024,MonOct 7,8:00pm,USD,,Consumer Credit m/m,8.9B,11.8B,26.6B
,,2024,MonOct 7,11:30pm,USD,,FOMC Member Musalem Speaks,,,
,,2024,TueOct 8,,JPY,,Average Cash Earnings y/y,3.0%,3.0%,3.4%
,,2024,TueOct 8,,JPY,,Household Spending y/y,-1.9%,-2.5%,0.1%
,,2024,TueOct 8,12:50am,JPY,,Current Account,3.02T,2.43T,2.80T
,,2024,TueOct 8,4:35am,JPY,,30-y Bond Auction,2.15|3.3,,2.04|3.4
,,2024,TueOct 8,6:00am,JPY,,Economy Watchers Sentiment,47.8,49.3,49.0
,,2024,TueOct 8,8:00am,USD,,FOMC Member Kugler Speaks,,,
,,2024,TueOct 8,11:00am,USD,,NFIB Small Business Index,91.5,92.0,91.2
,,2024,TueOct 8,1:30pm,USD,,Trade Balance,-70.4B,-70.1B,-78.9B
,,2024,TueOct 8,3:00pm,USD,,RCM/TIPP Economic Optimism,46.9,47.2,46.1
,,2024,TueOct 8,5:45pm,USD,,FOMC Member Bostic Speaks,,,
,,2024,TueOct 8,9:00pm,USD,,FOMC Member Collins Speaks,,,
,,2024,TueOct 8,9:30pm,USD,,API Weekly Statistical Bulletin,,,
,,2024,WedOct 9,12:30am,USD,,FOMC Member Jefferson Speaks,,,
,,2024,WedOct 9,6:59am,JPY,,Prelim Machine Tool Orders y/y,-6.5%,,-3.5%
,,2024,WedOct 9,1:00pm,USD,,FOMC Member Bostic Speaks,,,
,,2024,WedOct 9,2:15pm,USD,,FOMC Member Logan Speaks,,,
,,2024,WedOct 9,3:00pm,USD,,Final Wholesale Inventories m/m,0.1%,0.2%,0.2%
,,2024,WedOct 9,3:30pm,USD,,Crude Oil Inventories,5.8M,2.0M,3.9M
,,2024,WedOct 9,,USD,,FOMC Member Goolsbee Speaks,,,
,,2024,WedOct 9,5:30pm,USD,,FOMC Member Jefferson Speaks,,,
,,2024,WedOct 9,6:01pm,USD,,10-y Bond Auction,4.07|2.5,,3.65|2.6
,,2024,WedOct 9,7:00pm,USD,,FOMC Meeting Minutes,,,
,,2024,WedOct 9,10:00pm,USD,,FOMC Member Collins Speaks,,,
,,2024,WedOct 9,11:00pm,USD,,FOMC Member Daly Speaks,,,
,,2024,ThuOct 10,12:50am,JPY,,Bank Lending y/y,2.7%,2.9%,3.0%
,,2024,ThuOct 10,,JPY,,PPI y/y,2.8%,2.3%,2.6%
,,2024,ThuOct 10,1:30pm,USD,,Core CPI m/m,0.3%,0.2%,0.3%
,,2024,ThuOct 10,,USD,,Core CPI y/y,3.3%,3.3%,3.2%
,,2024,ThuOct 10,,USD,,CPI m/m,0.2%,0.1%,0.2%
,,2024,ThuOct 10,,USD,,CPI y/y,2.4%,2.3%,2.5%
,,2024,ThuOct 10,,USD,,Unemployment Claims,258K,231K,225K
,,2024,ThuOct 10,2:15pm,USD,,FOMC Member Cook Speaks,,,
,,2024,ThuOct 10,3:30pm,USD,,FOMC Member Barkin Speaks,,,
,,2024,ThuOct 10,,USD,,Natural Gas Storage,82B,73B,55B
,,2024,ThuOct 10,4:00pm,USD,,FOMC Member Williams Speaks,,,
,,2024,ThuOct 10,6:01pm,USD,,30-y Bond Auction,4.39|2.5,,4.02|2.4
,,2024,FriOct 11,12:50am,JPY,,M2 Money Stock y/y,1.3%,1.5%,1.3%
,,2024,FriOct 11,,USD,,Core PPI m/m,0.2%,0.2%,0.3%
,,2024,FriOct 11,,USD,,PPI m/m,0.0%,0.1%,0.2%
,,2024,FriOct 11,2:45pm,USD,,FOMC Member Goolsbee Speaks,,,
,,2024,FriOct 11,3:00pm,USD,,Prelim UoM Consumer Sentiment,68.9,70.9,70.1
,,2024,FriOct 11,,USD,,Prelim UoM Inflation Expectations,2.9%,,2.7%
,,2024,FriOct 11,3:45pm,USD,,FOMC Member Logan Speaks,,,
,,2024,FriOct 11,6:10pm,USD,,FOMC Member Bowman Speaks,,,
,,2024,MonOct 14,All Day,JPY,,Bank Holiday,,,
,,2024,MonOct 14,All Day,USD,,Bank Holiday,,,
,,2024,MonOct 14,2:00pm,USD,,FOMC Member Kashkari Speaks,,,
,,2024,MonOct 14,8:00pm,USD,,FOMC Member Waller Speaks,,,
,,2024,MonOct 14,10:00pm,USD,,FOMC Member Kashkari Speaks,,,
,,2024,TueOct 15,5:30am,JPY,,Revised Industrial Production m/m,-3.3%,-3.3%,-3.3%
,,2024,TueOct 15,,USD,,Empire State Manufacturing Index,-11.9,3.4,11.5
,,2024,TueOct 15,4:30pm,USD,,FOMC Member Daly Speaks,,,
,,2024,TueOct 15,6:00pm,USD,,FOMC Member Kugler Speaks,,,
,,2024,WedOct 16,12:50am,JPY,,Core Machinery Orders m/m,-1.9%,0.1%,-0.1%
,,2024,WedOct 16,,USD,,Import Prices m/m,-0.4%,-0.3%,-0.2%
,,2024,WedOct 16,9:30pm,USD,,API Weekly Statistical Bulletin,,,
,,2024,ThuOct 17,12:50am,JPY,,Trade Balance,-0.19T,-0.49T,-0.47T
,,2024,ThuOct 17,5:30am,JPY,,Tertiary Industry Activity m/m,-1.1%,-0.2%,2.2%
,,2024,ThuOct 17,,USD,,Core Retail Sales m/m,0.5%,0.1%,0.2%
,,2024,ThuOct 17,,USD,,Retail Sales m/m,0.4%,0.3%,0.1%
,,2024,ThuOct 17,,USD,,Unemployment Claims,241K,241K,260K
,,2024,ThuOct 17,,USD,,Philly Fed Manufacturing Index,10.3,4.2,1.7
,,2024,ThuOct 17,2:15pm,USD,,Capacity Utilization Rate,77.5%,77.9%,77.8%
,,2024,ThuOct 17,,USD,,Industrial Production m/m,-0.3%,-0.1%,0.3%
,,2024,ThuOct 17,3:00pm,USD,,Business Inventories m/m,0.3%,0.3%,0.3%
,,2024,ThuOct 17,,USD,,NAHB Housing Market Index,43,43,41
,,2024,ThuOct 17,3:30pm,USD,,Natural Gas Storage,76B,80B,82B
,,2024,ThuOct 17,4:00pm,USD,,Crude Oil Inventories,-2.2M,1.8M,5.8M
,,2024,ThuOct 17,,USD,,FOMC Member Goolsbee Speaks,,,
,,2024,ThuOct 17,8:00pm,USD,,Treasury Sec Yellen Speaks,,,
,,2024,ThuOct 17,9:00pm,USD,,TIC Long-Term Purchases,111.4B,58.9B,137.9B
,,2024,FriOct 18,12:30am,JPY,,National Core CPI y/y,2.4%,2.3%,2.8%
,,2024,FriOct 18,1:30pm,USD,,Building Permits,1.43M,1.45M,1.47M
,,2024,FriOct 18,,USD,,Housing Starts,1.35M,1.35M,1.36M
,,2024,FriOct 18,5:10pm,USD,,FOMC Member Waller Speaks,,,
,,2024,FriOct 18,5:30pm,USD,,FOMC Member Bostic Speaks,,,
,,2024,FriOct 18,9:00pm,USD,,Federal Budget Balance,64.3B,43.5B,-380.1B
,,2024,MonOct 21,1:55pm,USD,,FOMC Member Logan Speaks,,,
,,2024,MonOct 21,3:00pm,USD,,CB Leading Index m/m,-0.5%,-0.3%,-0.3%
,,2024,MonOct 21,6:00pm,USD,,FOMC Member Kashkari Speaks,,,
,,2024,MonOct 21,10:05pm,USD,,FOMC Member Schmid Speaks,,,
,,2024,MonOct 21,11:40pm,USD,,FOMC Member Daly Speaks,,,
,,2024,TueOct 22,6:00am,JPY,,BOJ Core CPI y/y,1.7%,1.8%,1.8%
,,2024,TueOct 22,2:59pm,USD,,Richmond Manufacturing Index,-14,-19,-21
,,2024,TueOct 22,,USD,,FOMC Member Harker Speaks,,,
,,2024,TueOct 22,9:30pm,USD,,API Weekly Statistical Bulletin,,,
,,2024,WedOct 23,,USD,,FOMC Member Bowman Speaks,,,
,,2024,WedOct 23,,USD,,Existing Home Sales,3.84M,3.88M,3.88M
,,2024,WedOct 23,,USD,,Crude Oil Inventories,5.5M,0.9M,-2.2M
,,2024,WedOct 23,5:00pm,USD,,FOMC Member Barkin Speaks,,,
,,2024,WedOct 23,7:00pm,USD,,Beige Book,,,
,,2024,ThuOct 24,1:30am,JPY,,Flash Manufacturing PMI,49.0,49.9,49.7
,,2024,ThuOct 24,1:30pm,USD,,Unemployment Claims,227K,243K,242K
,,2024,ThuOct 24,1:45pm,USD,,FOMC Member Hammack Speaks,,,
,,2024,ThuOct 24,2:45pm,USD,,Flash Manufacturing PMI,47.8,47.5,47.3
,,2024,ThuOct 24,,USD,,Flash Services PMI,55.3,55.0,55.2
,,2024,ThuOct 24,3:00pm,USD,,New Home Sales,738K,719K,709K
,,2024,ThuOct 24,3:30pm,USD,,Natural Gas Storage,80B,61B,76B
,,2024,FriOct 25,12:30am,JPY,,Tokyo Core CPI y/y,1.8%,1.7%,2.0%
,,2024,FriOct 25,12:50am,JPY,,SPPI y/y,2.6%,2.7%,2.8%
,,2024,FriOct 25,,USD,,Core Durable Goods Orders m/m,0.4%,-0.1%,0.6%
,,2024,FriOct 25,,USD,,Durable Goods Orders m/m,-0.8%,-1.1%,-0.8%
,,2024,FriOct 25,3:00pm,USD,,Revised UoM Consumer Sentiment,70.5,69.2,68.9
,,2024,FriOct 25,,USD,,Revised UoM Inflation Expectations,2.7%,,2.9%
,,2024,FriOct 25,4:00pm,USD,,FOMC Member Collins Speaks,,,
,,2024,SunOct 27,All Day,JPY,,Lower House Elections,,,
,,2024,TueOct 29,12:30am,JPY,,Unemployment Rate,2.4%,2.5%,2.5%
,,2024,TueOct 29,1:30pm,USD,,Goods Trade Balance,-108.2B,-95.9B,-94.2B
,,2024,TueOct 29,,USD,,Prelim Wholesale Inventories m/m,-0.1%,0.1%,0.1%
,,2024,TueOct 29,2:00pm,USD,,S&P/CS Composite-20 HPI y/y,5.2%,4.9%,5.9%
,,2024,TueOct 29,,USD,,HPI m/m,0.3%,0.1%,0.2%
,,2024,TueOct 29,3:00pm,USD,,CB Consumer Confidence,108.7,99.5,99.2
,,2024,TueOct 29,,USD,,JOLTS Job Openings,7.44M,7.98M,7.86M
,,2024,TueOct 29,9:30pm,USD,,API Weekly Statistical Bulletin,,,
,,2024,WedOct 30,6:00am,JPY,,Consumer Confidence,36.2,36.7,36.9
,,2024,WedOct 30,1:15pm,USD,,ADP Non-Farm Employment Change,233K,110K,159K
,,2024,WedOct 30,1:30pm,USD,,Advance GDP q/q,2.8%,3.0%,3.0%
,,2024,WedOct 30,,USD,,Advance GDP Price Index q/q,1.8%,1.9%,2.5%
,,2024,WedOct 30,3:00pm,USD,,Pending Home Sales m/m,7.4%,1.9%,0.6%
,,2024,WedOct 30,3:30pm,USD,,Crude Oil Inventories,-0.5M,1.5M,5.5M
,,2024,ThuOct 31,12:50am,JPY,,Prelim Industrial Production m/m,1.4%,0.9%,-3.3%
,,2024,ThuOct 31,,JPY,,Retail Sales y/y,0.5%,2.1%,3.1%
,,2024,ThuOct 31,3:48am,JPY,,BOJ Outlook Report,,,
,,2024,ThuOct 31,,JPY,,BOJ Policy Rate,<0.25%,<0.25%,<0.25%
,,2024,ThuOct 31,,JPY,,Monetary Policy Statement,,,
,,2024,ThuOct 31,6:00am,JPY,,Housing Starts y/y,-0.6%,-4.2%,-5.1%
,,2024,ThuOct 31,7:30am,JPY,,BOJ Press Conference,,,
,,2024,ThuOct 31,12:30pm,USD,,Challenger Job Cuts y/y,50.9%,,53.4%
,,2024,ThuOct 31,,USD,,Core PCE Price Index m/m,0.3%,0.3%,0.2%
,,2024,ThuOct 31,,USD,,Employment Cost Index q/q,0.8%,0.9%,0.9%
,,2024,ThuOct 31,,USD,,Unemployment Claims,216K,229K,228K
,,2024,ThuOct 31,,USD,,Personal Income m/m,0.3%,0.3%,0.2%
,,2024,ThuOct 31,,USD,,Personal Spending m/m,0.5%,0.4%,0.3%
,,2024,ThuOct 31,2:45pm,USD,,Chicago PMI,41.6,46.9,46.6
,,2024,ThuOct 31,3:30pm,USD,,Natural Gas Storage,78B,79B,80B
,,2024,FriNov 1,,JPY,,Final Manufacturing PMI,49.2,49.0,49.0
,,2024,FriNov 1,1:30pm,USD,,Average Hourly Earnings m/m,0.4%,0.3%,0.3%
,,2024,FriNov 1,,USD,,Non-Farm Employment Change,12K,106K,223K
,,2024,FriNov 1,,USD,,Unemployment Rate,4.1%,4.1%,4.1%
,,2024,FriNov 1,2:45pm,USD,,Final Manufacturing PMI,48.5,47.8,47.8
,,2024,FriNov 1,3:00pm,USD,,ISM Manufacturing PMI,46.5,47.6,47.2
,,2024,FriNov 1,,USD,,ISM Manufacturing Prices,54.8,49.9,48.3
,,2024,FriNov 1,,USD,,Construction Spending m/m,0.1%,0.0%,0.1%
,,2024,FriNov 1,All Day,USD,,Omdia Total Vehicle Sales,16.0M,15.8M,15.8M
,,2024,SunNov 3,,USD,,Daylight Saving Time Shift,,,
,,2024,MonNov 4,All Day,JPY,,Bank Holiday,,,
,,2024,MonNov 4,4:00pm,USD,,Factory Orders m/m,-0.5%,-0.4%,-0.8%
,,2024,TueNov 5,12:50am,JPY,,Monetary Base y/y,-0.3%,0.3%,-0.1%
,,2024,TueNov 5,,USD,,Trade Balance,-84.4B,-83.8B,-70.8B
,,2024,TueNov 5,3:45pm,USD,,Final Services PMI,55.0,55.3,55.3
,,2024,TueNov 5,4:00pm,USD,,ISM Services PMI,56.0,53.8,54.9
,,2024,TueNov 5,All Day,USD,,Presidential Election,,,
,,2024,TueNov 5,All Day,USD,,Congressional Elections,,,
,,2024,TueNov 5,7:01pm,USD,,10-y Bond Auction,4.35|2.6,,4.07|2.5
,,2024,TueNov 5,10:30pm,USD,,API Weekly Statistical Bulletin,,,
,,2024,WedNov 6,12:50am,JPY,,Monetary Policy Meeting Minutes,,,
,,2024,WedNov 6,4:30pm,USD,,Crude Oil Inventories,2.1M,0.3M,-0.5M
,,2024,WedNov 6,7:01pm,USD,,30-y Bond Auction,4.61|2.6,,4.39|2.5
,,2024,ThuNov 7,12:30am,JPY,,Average Cash Earnings y/y,2.8%,3.0%,2.8%
,,2024,ThuNov 7,4:35am,JPY,,10-y Bond Auction,1.00|3.1,,0.87|3.5
,,2024,ThuNov 7,2:30pm,USD,,Unemployment Claims,221K,223K,218K
,,2024,ThuNov 7,,USD,,Prelim Nonfarm Productivity q/q,2.2%,2.6%,2.5%
,,2024,ThuNov 7,,USD,,Prelim Unit Labor Costs q/q,1.9%,1.1%,0.4%
,,2024,ThuNov 7,4:00pm,USD,,Final Wholesale Inventories m/m,-0.2%,-0.1%,-0.1%
,,2024,ThuNov 7,,USD,,Mortgage Delinquencies,3.92%,,3.97%
,,2024,ThuNov 7,4:30pm,USD,,Natural Gas Storage,69B,67B,78B
,,2024,ThuNov 7,8:00pm,USD,,Federal Funds Rate,4.75%,4.75%,5.00%
,,2024,ThuNov 7,,USD,,FOMC Statement,,,
,,2024,ThuNov 7,8:30pm,USD,,FOMC Press Conference,,,
,,2024,ThuNov 7,,USD,,FOMC Member Musalem Speaks,,,
,,2024,ThuNov 7,9:00pm,USD,,Consumer Credit m/m,6.0B,12.2B,7.6B
,,2024,FriNov 8,12:30am,JPY,,Household Spending y/y,-1.1%,-1.8%,-1.9%
,,2024,FriNov 8,6:00am,JPY,,Leading Indicators,109.4%,108.9%,106.9%
,,2024,FriNov 8,4:00pm,USD,,Prelim UoM Consumer Sentiment,73.0,71.0,70.5
,,2024,FriNov 8,,USD,,Prelim UoM Inflation Expectations,2.6%,,2.7%
,,2024,FriNov 8,5:00pm,USD,,FOMC Member Bowman Speaks,,,
,,2024,MonNov 11,12:50am,JPY,,Bank Lending y/y,2.7%,2.7%,2.7%
,,2024,MonNov 11,,JPY,,BOJ Summary of Opinions,,,
,,2024,MonNov 11,,JPY,,Current Account,1.27T,2.80T,3.15T
,,2024,MonNov 11,6:00am,JPY,,Economy Watchers Sentiment,47.5,47.2,47.8
,,2024,MonNov 11,All Day,USD,,Bank Holiday,,,
,,2024,TueNov 12,12:50am,JPY,,M2 Money Stock y/y,1.2%,1.5%,1.2%
,,2024,TueNov 12,6:59am,JPY,,Prelim Machine Tool Orders y/y,9.3%,,-6.4%
,,2024,TueNov 12,11:55am,USD,,NFIB Small Business Index,93.7,91.9,91.5
,,2024,TueNov 12,3:45pm,USD,,Cleveland Fed Inflation Expectations,3.8%,,3.4%
,,2024,TueNov 12,4:00pm,USD,,FOMC Member Waller Speaks,,,
,,2024,TueNov 12,4:06pm,USD,,RCM/TIPP Economic Optimism,53.2,47.3,46.9
,,2024,TueNov 12,4:15pm,USD,,FOMC Member Barkin Speaks,,,
,,2024,TueNov 12,8:00pm,USD,,FOMC Member Kashkari Speaks,,,
,,2024,TueNov 12,,USD,,Loan Officer Survey,,,
,,2024,TueNov 12,11:00pm,USD,,FOMC Member Harker Speaks,,,
,,2024,TueNov 12,11:30pm,USD,,FOMC Member Barkin Speaks,,,
,,2024,WedNov 13,12:50am,JPY,,PPI y/y,3.4%,2.9%,3.1%
,,2024,WedNov 13,4:35am,JPY,,30-y Bond Auction,2.27|3.4,,2.15|3.3
,,2024,WedNov 13,2:30pm,USD,,Core CPI m/m,0.3%,0.3%,0.3%
,,2024,WedNov 13,,USD,,Core CPI y/y,3.3%,3.3%,3.3%
,,2024,WedNov 13,,USD,,CPI m/m,0.2%,0.2%,0.2%
,,2024,WedNov 13,,USD,,CPI y/y,2.6%,2.6%,2.4%
,,2024,WedNov 13,2:40pm,USD,,FOMC Member Kashkari Speaks,,,
,,2024,WedNov 13,3:45pm,USD,,FOMC Member Logan Speaks,,,
,,2024,WedNov 13,7:00pm,USD,,FOMC Member Musalem Speaks,,,
,,2024,WedNov 13,7:30pm,USD,,FOMC Member Schmid Speaks,,,
,,2024,WedNov 13,8:00pm,USD,,Federal Budget Balance,-257.5B,-226.4B,64.3B
,,2024,WedNov 13,10:30pm,USD,,API Weekly Statistical Bulletin,,,
,,2024,ThuNov 14,1:00pm,USD,,FOMC Member Kugler Speaks,,,
,,2024,ThuNov 14,2:30pm,USD,,Core PPI m/m,0.3%,0.3%,0.2%
,,2024,ThuNov 14,,USD,,PPI m/m,0.2%,0.2%,0.1%
,,2024,ThuNov 14,,USD,,Unemployment Claims,217K,224K,221K
,,2024,ThuNov 14,3:00pm,USD,,FOMC Member Barkin Speaks,,,
,,2024,ThuNov 14,4:30pm,USD,,Natural Gas Storage,42B,34B,69B
,,2024,ThuNov 14,5:00pm,USD,,Crude Oil Inventories,2.1M,0.4M,2.1M
,,2024,ThuNov 14,9:00pm,USD,,FOMC Member Powell Speaks,,,
,,2024,ThuNov 14,10:00pm,USD,,Treasury Currency Report,,,
,,2024,ThuNov 14,10:15pm,USD,,FOMC Member Williams Speaks,,,
,,2024,FriNov 15,12:50am,JPY,,Prelim GDP Price Index y/y,2.5%,2.8%,3.2%
,,2024,FriNov 15,,JPY,,Prelim GDP q/q,0.2%,0.2%,0.7%
,,2024,FriNov 15,5:30am,JPY,,Revised Industrial Production m/m,1.6%,1.4%,1.4%
,,2024,FriNov 15,,JPY,,Tertiary Industry Activity m/m,-0.2%,0.2%,-1.1%
,,2024,FriNov 15,,USD,,Core Retail Sales m/m,0.1%,0.3%,1.0%
,,2024,FriNov 15,,USD,,Retail Sales m/m,0.4%,0.3%,0.8%
,,2024,FriNov 15,,USD,,Empire State Manufacturing Index,31.2,-0.3,-11.9
,,2024,FriNov 15,,USD,,Import Prices m/m,0.3%,-0.1%,-0.4%
,,2024,FriNov 15,3:00pm,USD,,FOMC Member Collins Speaks,,,
,,2024,FriNov 15,3:15pm,USD,,Capacity Utilization Rate,77.1%,77.1%,77.4%
,,2024,FriNov 15,,USD,,Industrial Production m/m,-0.3%,-0.3%,-0.5%
,,2024,FriNov 15,4:00pm,USD,,Business Inventories m/m,0.1%,0.2%,0.3%
,,2024,FriNov 15,7:15pm,USD,,FOMC Member Williams Speaks,,,
,,2024,FriNov 15,8:05pm,USD,,FOMC Member Goolsbee Speaks,,,
,,2024,FriNov 15,9:00pm,USD,,FOMC Member Barkin Speaks,,,
,,2024,MonNov 18,12:50am,JPY,,Core Machinery Orders m/m,-0.7%,1.4%,-1.9%
,,2024,MonNov 18,2:05am,JPY,,BOJ Gov Ueda Speaks,,,
,,2024,MonNov 18,4:00pm,USD,,FOMC Member Goolsbee Speaks,,,
,,2024,MonNov 18,,USD,,NAHB Housing Market Index,46,42,43
,,2024,MonNov 18,10:00pm,USD,,TIC Long-Term Purchases,216.1B,114.3B,108.8B
,,2024,TueNov 19,,USD,,Building Permits,1.42M,1.44M,1.43M
,,2024,TueNov 19,,USD,,Housing Starts,1.31M,1.34M,1.35M
,,2024,TueNov 19,7:10pm,USD,,FOMC Member Schmid Speaks,,,
,,2024,TueNov 19,10:30pm,USD,,API Weekly Statistical Bulletin,,,
,,2024,WedNov 20,12:50am,JPY,,Trade Balance,-0.36T,-0.15T,-0.27T
,,2024,WedNov 20,4:00pm,USD,,FOMC Member Barr Speaks,,,
,,2024,WedNov 20,4:30pm,USD,,Crude Oil Inventories,0.5M,-0.1M,2.1M
,,2024,WedNov 20,,USD,,FOMC Member Cook Speaks,,,
,,2024,WedNov 20,6:15pm,USD,,FOMC Member Bowman Speaks,,,
,,2024,WedNov 20,10:00pm,USD,,FOMC Member Collins Speaks,,,
,,2024,ThuNov 21,6:12am,JPY,,BOJ Gov Ueda Speaks,,,
,,2024,ThuNov 21,,USD,,Unemployment Claims,213K,220K,219K
,,2024,ThuNov 21,,USD,,Philly Fed Manufacturing Index,-5.5,7.4,10.3
,,2024,ThuNov 21,2:45pm,USD,,FOMC Member Hammack Speaks,,,
,,2024,ThuNov 21,,USD,,Existing Home Sales,3.96M,3.95M,3.83M
,,2024,ThuNov 21,,USD,,CB Leading Index m/m,-0.4%,-0.3%,-0.3%
,,2024,ThuNov 21,4:30pm,USD,,Natural Gas Storage,-3B,2B,42B
,,2024,ThuNov 21,6:25pm,USD,,FOMC Member Goolsbee Speaks,,,
,,2024,ThuNov 21,6:30pm,USD,,FOMC Member Hammack Speaks,,,
,,2024,ThuNov 21,10:40pm,USD,,FOMC Member Barr Speaks,,,
,,2024,FriNov 22,12:30am,JPY,,National Core CPI y/y,2.3%,2.2%,2.4%
,,2024,FriNov 22,1:30am,JPY,,Flash Manufacturing PMI,49.0,49.5,49.2
,,2024,FriNov 22,3:45pm,USD,,Flash Manufacturing PMI,48.8,48.8,48.5
,,2024,FriNov 22,,USD,,Flash Services PMI,57.0,55.2,55.0
,,2024,FriNov 22,4:00pm,USD,,Revised UoM Consumer Sentiment,71.8,74.0,73.0
,,2024,FriNov 22,,USD,,Revised UoM Inflation Expectations,2.6%,,2.6%
,,2024,FriNov 22,10:00pm,USD,,FOMC Financial Stability Report,,,
,,2024,SatNov 23,12:15am,USD,,FOMC Member Bowman Speaks,,,
,,2024,TueNov 26,12:50am,JPY,,SPPI y/y,2.9%,2.5%,2.8%
,,2024,TueNov 26,6:00am,JPY,,BOJ Core CPI y/y,1.5%,1.8%,1.7%
,,2024,TueNov 26,3:00pm,USD,,S&P/CS Composite-20 HPI y/y,4.6%,4.7%,5.2%
,,2024,TueNov 26,,USD,,HPI m/m,0.7%,0.3%,0.4%
,,2024,TueNov 26,3:59pm,USD,,Richmond Manufacturing Index,-14,-10,-14
,,2024,TueNov 26,,USD,,CB Consumer Confidence,111.7,111.8,109.6
,,2024,TueNov 26,,USD,,New Home Sales,610K,725K,738K
,,2024,TueNov 26,8:00pm,USD,,FOMC Meeting Minutes,,,
,,2024,TueNov 26,8:30pm,USD,,President Biden Speaks,,,
,,2024,TueNov 26,10:30pm,USD,,API Weekly Statistical Bulletin,,,
,,2024,WedNov 27,2:30pm,USD,,Prelim GDP q/q,2.8%,2.8%,2.8%
,,2024,WedNov 27,,USD,,Unemployment Claims,213K,215K,215K
,,2024,WedNov 27,,USD,,Core Durable Goods Orders m/m,0.1%,0.2%,0.5%
,,2024,WedNov 27,,USD,,Durable Goods Orders m/m,0.2%,0.4%,-0.7%
,,2024,WedNov 27,,USD,,Prelim GDP Price Index q/q,1.9%,1.8%,1.8%
,,2024,WedNov 27,,USD,,Goods Trade Balance,-99.1B,-102.2B,-108.7B
,,2024,WedNov 27,,USD,,Prelim Wholesale Inventories m/m,0.2%,0.0%,-0.2%
,,2024,WedNov 27,3:45pm,USD,,Chicago PMI,40.2,44.9,41.6
,,2024,WedNov 27,4:00pm,USD,,Core PCE Price Index m/m,0.3%,0.3%,0.3%
,,2024,WedNov 27,,USD,,Pending Home Sales m/m,2.0%,-2.1%,7.5%
,,2024,WedNov 27,,USD,,Personal Income m/m,0.6%,0.3%,0.3%
,,2024,WedNov 27,,USD,,Personal Spending m/m,0.4%,0.4%,0.6%
,,2024,WedNov 27,4:30pm,USD,,Crude Oil Inventories,-1.8M,-1.3M,0.5M
,,2024,WedNov 27,6:00pm,USD,,Natural Gas Storage,-2B,-2B,-3B
,,2024,ThuNov 28,All Day,USD,,Bank Holiday,,,
,,2024,FriNov 29,12:30am,JPY,,Tokyo Core CPI y/y,2.2%,2.0%,1.8%
,,2024,FriNov 29,,JPY,,Unemployment Rate,2.5%,2.5%,2.4%
,,2024,FriNov 29,12:50am,JPY,,Prelim Industrial Production m/m,3.0%,3.8%,1.6%
,,2024,FriNov 29,,JPY,,Retail Sales y/y,1.6%,2.1%,0.7%
,,2024,FriNov 29,6:00am,JPY,,Consumer Confidence,36.4,36.4,36.2
,,2024,FriNov 29,,JPY,,Housing Starts y/y,-2.9%,-2.0%,-0.6%
,,2024,MonDec 2,12:50am,JPY,,Capital Spending q/y,8.1%,6.7%,7.4%
,,2024,MonDec 2,,JPY,,Final Manufacturing PMI,49.0,49.0,49.0
,,2024,MonDec 2,3:45pm,USD,,Final Manufacturing PMI,49.7,48.8,48.8
,,2024,MonDec 2,4:00pm,USD,,ISM Manufacturing PMI,48.4,47.7,46.5
,,2024,MonDec 2,,USD,,ISM Manufacturing Prices,50.3,55.2,54.8
,,2024,MonDec 2,,USD,,Construction Spending m/m,0.4%,0.2%,0.1%
,,2024,MonDec 2,9:15pm,USD,,FOMC Member Waller Speaks,,,
,,2024,MonDec 2,10:30pm,USD,,FOMC Member Williams Speaks,,,
,,2024,TueDec 3,12:50am,JPY,,Monetary Base y/y,-0.3%,0.2%,-0.3%
,,2024,TueDec 3,4:35am,JPY,,10-y Bond Auction,1.08|3.1,,1.00|3.1
,,2024,TueDec 3,4:00pm,USD,,JOLTS Job Openings,7.74M,7.51M,7.37M
,,2024,TueDec 3,4:06pm,USD,,RCM/TIPP Economic Optimism,54.0,54.1,53.2
,,2024,TueDec 3,All Day,USD,,Omdia Total Vehicle Sales,16.5M,16.0M,16.0M
,,2024,TueDec 3,6:35pm,USD,,FOMC Member Kugler Speaks,,,
,,2024,TueDec 3,9:45pm,USD,,FOMC Member Goolsbee Speaks,,,
,,2024,TueDec 3,10:30pm,USD,,API Weekly Statistical Bulletin,,,
,,2024,WedDec 4,2:15pm,USD,,ADP Non-Farm Employment Change,146K,152K,184K
,,2024,WedDec 4,2:45pm,USD,,FOMC Member Musalem Speaks,,,
,,2024,WedDec 4,3:45pm,USD,,Final Services PMI,56.1,57.0,57.0
,,2024,WedDec 4,4:00pm,USD,,ISM Services PMI,52.1,55.7,56.0
,,2024,WedDec 4,,USD,,Factory Orders m/m,0.2%,0.2%,-0.2%
,,2024,WedDec 4,4:30pm,USD,,Crude Oil Inventories,-5.1M,-1.6M,-1.8M
,,2024,WedDec 4,7:45pm,USD,,FOMC Member Powell Speaks,,,
,,2024,WedDec 4,8:00pm,USD,,Beige Book,,,
,,2024,ThuDec 5,4:35am,JPY,,30-y Bond Auction,2.29|3.5,,2.27|3.4
,,2024,ThuDec 5,1:30pm,USD,,Challenger Job Cuts y/y,26.8%,,50.9%
,,2024,ThuDec 5,,USD,,Unemployment Claims,224K,215K,215K
,,2024,ThuDec 5,,USD,,Trade Balance,-73.8B,-75.2B,-83.8B
,,2024,ThuDec 5,4:30pm,USD,,Natural Gas Storage,-30B,-38B,-2B
,,2024,FriDec 6,12:30am,JPY,,Average Cash Earnings y/y,2.6%,2.6%,2.5%
,,2024,FriDec 6,,JPY,,Household Spending y/y,-1.3%,-2.6%,-1.1%
,,2024,FriDec 6,6:00am,JPY,,Leading Indicators,108.6%,108.9%,109.1%
,,2024,FriDec 6,,USD,,Average Hourly Earnings m/m,0.4%,0.3%,0.4%
,,2024,FriDec 6,,USD,,Non-Farm Employment Change,227K,218K,36K
,,2024,FriDec 6,,USD,,Unemployment Rate,4.2%,4.1%,4.1%
,,2024,FriDec 6,3:15pm,USD,,FOMC Member Bowman Speaks,,,
,,2024,FriDec 6,,USD,,Prelim UoM Consumer Sentiment,74.0,73.3,71.8
,,2024,FriDec 6,,USD,,Prelim UoM Inflation Expectations,2.9%,,2.6%
,,2024,FriDec 6,4:30pm,USD,,FOMC Member Goolsbee Speaks,,,
,,2024,FriDec 6,6:00pm,USD,,FOMC Member Hammack Speaks,,,
,,2024,FriDec 6,7:00pm,USD,,FOMC Member Daly Speaks,,,
,,2024,FriDec 6,9:00pm,USD,,Consumer Credit m/m,19.2B,10.4B,3.2B
,,2024,MonDec 9,12:50am,JPY,,Bank Lending y/y,3.0%,2.6%,2.6%
,,2024,MonDec 9,,JPY,,Current Account,2.41T,2.28T,1.27T
,,2024,MonDec 9,,JPY,,Final GDP Price Index y/y,2.4%,2.5%,2.5%
,,2024,MonDec 9,,JPY,,Final GDP q/q,0.3%,0.3%,0.2%
,,2024,MonDec 9,6:00am,JPY,,Economy Watchers Sentiment,49.4,47.3,47.5
,,2024,MonDec 9,4:00pm,USD,,Final Wholesale Inventories m/m,0.2%,0.2%,0.2%
,,2024,TueDec 10,12:50am,JPY,,M2 Money Stock y/y,1.2%,1.2%,1.2%
,,2024,TueDec 10,6:58am,JPY,,Prelim Machine Tool Orders y/y,3.0%,,9.3%
,,2024,TueDec 10,12:00pm,USD,,NFIB Small Business Index,101.7,94.6,93.7
,,2024,TueDec 10,2:30pm,USD,,Revised Nonfarm Productivity q/q,2.2%,2.3%,2.2%
,,2024,TueDec 10,,USD,,Revised Unit Labor Costs q/q,0.8%,1.3%,1.9%
,,2024,TueDec 10,10:30pm,USD,,API Weekly Statistical Bulletin,,,
,,2024,WedDec 11,12:50am,JPY,,BSI Manufacturing Index,6.3,1.8,4.5
,,2024,WedDec 11,,JPY,,PPI y/y,3.7%,3.4%,3.6%
,,2024,WedDec 11,2:30pm,USD,,Core CPI m/m,0.3%,0.3%,0.3%
,,2024,WedDec 11,,USD,,Core CPI y/y,3.3%,3.2%,3.3%
,,2024,WedDec 11,,USD,,CPI m/m,0.3%,0.3%,0.2%
,,2024,WedDec 11,,USD,,CPI y/y,2.7%,2.7%,2.6%
,,2024,WedDec 11,,USD,,Crude Oil Inventories,-1.4M,-1.0M,-5.1M
,,2024,WedDec 11,7:01pm,USD,,10-y Bond Auction,4.24|2.7,,4.35|2.6
,,2024,WedDec 11,8:00pm,USD,,Federal Budget Balance,-366.8B,-349.0B,-257.5B
,,2024,ThuDec 12,,USD,,Core PPI m/m,0.2%,0.2%,0.3%
,,2024,ThuDec 12,,USD,,PPI m/m,0.4%,0.2%,0.3%
,,2024,ThuDec 12,,USD,,Unemployment Claims,242K,221K,225K
,,2024,ThuDec 12,4:30pm,USD,,Natural Gas Storage,-190B,-172B,-30B
,,2024,ThuDec 12,7:01pm,USD,,30-y Bond Auction,4.54|2.4,,4.61|2.6
,,2024,FriDec 13,12:50am,JPY,,Tankan Manufacturing Index,14,13,13
,,2024,FriDec 13,,JPY,,Tankan Non-Manufacturing Index,33,33,34
,,2024,FriDec 13,5:30am,JPY,,Revised Industrial Production m/m,2.8%,3.0%,3.0%
,,2024,FriDec 13,,USD,,Import Prices m/m,0.1%,-0.2%,0.1%
,,2024,MonDec 16,12:50am,JPY,,Core Machinery Orders m/m,2.1%,1.1%,-0.7%
,,2024,MonDec 16,1:30am,JPY,,Flash Manufacturing PMI,49.5,49.2,49.0
,,2024,MonDec 16,5:30am,JPY,,Tertiary Industry Activity m/m,0.3%,-0.1%,-0.1%
,,2024,MonDec 16,2:30pm,USD,,Empire State Manufacturing Index,0.2,6.4,31.2
,,2024,MonDec 16,3:45pm,USD,,Flash Manufacturing PMI,48.3,49.4,49.7
,,2024,MonDec 16,,USD,,Flash Services PMI,58.5,55.7,56.1
,,2024,TueDec 17,,USD,,Core Retail Sales m/m,0.2%,0.4%,0.2%
,,2024,TueDec 17,,USD,,Retail Sales m/m,0.7%,0.6%,0.5%
,,2024,TueDec 17,3:15pm,USD,,Capacity Utilization Rate,76.8%,77.3%,77.0%
,,2024,TueDec 17,,USD,,Industrial Production m/m,-0.1%,0.3%,-0.4%
,,2024,TueDec 17,4:00pm,USD,,Business Inventories m/m,0.1%,0.2%,0.0%
,,2024,TueDec 17,,USD,,NAHB Housing Market Index,46,47,46
,,2024,TueDec 17,10:30pm,USD,,API Weekly Statistical Bulletin,,,
,,2024,WedDec 18,12:50am,JPY,,Trade Balance,-0.38T,-0.45T,-0.23T
,,2024,WedDec 18,2:30pm,USD,,Building Permits,1.51M,1.43M,1.42M
,,2024,WedDec 18,,USD,,Current Account,-311B,-286B,-275B
,,2024,WedDec 18,,USD,,Housing Starts,1.29M,1.35M,1.31M
,,2024,WedDec 18,4:30pm,USD,,Crude Oil Inventories,-0.9M,-1.6M,-1.4M
,,2024,WedDec 18,8:00pm,USD,,Federal Funds Rate,4.50%,4.50%,4.75%
,,2024,WedDec 18,,USD,,FOMC Economic Projections,,,
,,2024,WedDec 18,,USD,,FOMC Statement,,,
,,2024,WedDec 18,8:30pm,USD,,FOMC Press Conference,,,
,,2024,ThuDec 19,3:52am,JPY,,BOJ Policy Rate,<0.25%,<0.25%,<0.25%
,,2024,ThuDec 19,,JPY,,Monetary Policy Statement,,,
,,2024,ThuDec 19,7:30am,JPY,,BOJ Press Conference,,,
,,2024,ThuDec 19,2:30pm,USD,,Final GDP q/q,3.1%,2.8%,2.8%
,,2024,ThuDec 19,,USD,,Unemployment Claims,220K,229K,242K
,,2024,ThuDec 19,,USD,,Final GDP Price Index q/q,1.9%,1.9%,1.9%
,,2024,ThuDec 19,,USD,,Philly Fed Manufacturing Index,-16.4,2.9,-5.5
,,2024,ThuDec 19,4:00pm,USD,,Existing Home Sales,4.15M,4.09M,3.96M
,,2024,ThuDec 19,,USD,,CB Leading Index m/m,0.3%,-0.1%,-0.4%
,,2024,ThuDec 19,4:30pm,USD,,Natural Gas Storage,-125B,-123B,-190B
,,2024,ThuDec 19,10:00pm,USD,,TIC Long-Term Purchases,152.3B,154.3B,216.1B
,,2024,FriDec 20,12:30am,JPY,,National Core CPI y/y,2.7%,2.6%,2.3%
,,2024,FriDec 20,1:30pm,USD,,FOMC Member Daly Speaks,,,
,,2024,FriDec 20,,USD,,Core PCE Price Index m/m,0.1%,0.2%,0.3%
,,2024,FriDec 20,,USD,,Personal Income m/m,0.3%,0.4%,0.7%
,,2024,FriDec 20,,USD,,Personal Spending m/m,0.4%,0.5%,0.3%
,,2024,FriDec 20,,USD,,Revised UoM Consumer Sentiment,74.0,74.1,74.0
,,2024,FriDec 20,,USD,,Revised UoM Inflation Expectations,2.8%,,2.9%
,,2024,MonDec 23,,USD,,Core Durable Goods Orders m/m,-0.1%,0.3%,0.2%
,,2024,MonDec 23,,USD,,Durable Goods Orders m/m,-1.1%,-0.3%,0.3%
,,2024,MonDec 23,4:00pm,USD,,CB Consumer Confidence,104.7,112.9,112.8
,,2024,MonDec 23,,USD,,New Home Sales,664K,666K,627K
,,2024,TueDec 24,12:50am,JPY,,Monetary Policy Meeting Minutes,,,
,,2024,TueDec 24,5:59am,JPY,,BOJ Core CPI y/y,1.7%,1.5%,1.5%
,,2024,TueDec 24,3:59pm,USD,,Richmond Manufacturing Index,-10,-10,-14
,,2024,TueDec 24,10:30pm,USD,,API Weekly Statistical Bulletin,,,
,,2024,WedDec 25,12:50am,JPY,,SPPI y/y,3.0%,3.0%,2.9%
,,2024,WedDec 25,5:17am,JPY,,BOJ Gov Ueda Speaks,,,
,,2024,WedDec 25,All Day,USD,,Bank Holiday,,,
,,2024,ThuDec 26,2:30pm,USD,,Unemployment Claims,219K,223K,220K
,,2024,FriDec 27,12:30am,JPY,,Tokyo Core CPI y/y,2.4%,2.5%,2.2%
,,2024,FriDec 27,,JPY,,Unemployment Rate,2.5%,2.5%,2.5%
,,2024,FriDec 27,12:50am,JPY,,BOJ Summary of Opinions,,,
,,2024,FriDec 27,,JPY,,Prelim Industrial Production m/m,-2.3%,-3.4%,2.8%
,,2024,FriDec 27,,JPY,,Retail Sales y/y,2.8%,1.5%,1.3%
,,2024,FriDec 27,6:00am,JPY,,Housing Starts y/y,-1.8%,-0.1%,-2.9%
,,2024,FriDec 27,2:30pm,USD,,Goods Trade Balance,-102.9B,-101.3B,-98.3B
,,2024,FriDec 27,,USD,,Prelim Wholesale Inventories m/m,-0.2%,0.1%,0.1%
,,2024,FriDec 27,4:30pm,USD,,Natural Gas Storage,-93B,-100B,-125B
,,2024,FriDec 27,7:00pm,USD,,Crude Oil Inventories,-4.2M,-0.7M,-0.9M
,,2024,MonDec 30,1:30am,JPY,,Final Manufacturing PMI,49.6,49.5,49.5
,,2024,MonDec 30,3:45pm,USD,,Chicago PMI,36.9,42.7,40.2
,,2024,MonDec 30,4:00pm,USD,,Pending Home Sales m/m,2.2%,0.9%,1.8%
,,2024,TueDec 31,All Day,JPY,,Bank Holiday,,,
,,2024,TueDec 31,3:00pm,USD,,S&P/CS Composite-20 HPI y/y,4.2%,4.1%,4.6%
,,2024,TueDec 31,,USD,,HPI m/m,0.4%,0.5%,0.7%
,,2024,TueDec 31,10:30pm,USD,,API Weekly Statistical Bulletin,,,
,,2024,WedJan 1,All Day,JPY,,Bank Holiday,,,
,,2024,WedJan 1,All Day,USD,,Bank Holiday,,,
,,2024,ThuJan 2,All Day,JPY,,Bank Holiday,,,
,,2024,ThuJan 2,2:30pm,USD,,Unemployment Claims,211K,222K,220K
,,2024,ThuJan 2,3:45pm,USD,,Final Manufacturing PMI,49.4,48.3,48.3
,,2024,ThuJan 2,4:00pm,USD,,Construction Spending m/m,0.0%,0.3%,0.5%
,,2024,ThuJan 2,5:00pm,USD,,Crude Oil Inventories,-1.2M,-2.4M,-4.2M
,,2024,FriJan 3,All Day,JPY,,Bank Holiday,,,
,,2024,FriJan 3,4:00pm,USD,,ISM Manufacturing PMI,49.3,48.2,48.4
,,2024,FriJan 3,,USD,,ISM Manufacturing Prices,52.5,51.5,50.3
,,2024,FriJan 3,All Day,USD,,Omdia Total Vehicle Sales,16.8M,16.5M,16.5M
,,2024,FriJan 3,4:30pm,USD,,Natural Gas Storage,-116B,-127B,-93B
,,2024,FriJan 3,5:00pm,USD,,FOMC Member Barkin Speaks,,,
,,2024,SatJan 4,11:30pm,USD,,FOMC Member Daly Speaks,,,
,,2024,SatJan 4,,USD,,FOMC Member Kugler Speaks,,,
,,2024,SunJan 5,7:15pm,USD,,FOMC Member Daly Speaks,,,
